가맹점명,주소
가경2호,충북 청주시 흥덕구 개신동 691
가락2호,서울 송파구 가락동 75-7
가람마을,경기 파주시 와동동 1557-1
가산디지털,서울 금천구 가산동 371-6 가산비지니스센터 2층
가야,부산 부산진구 가야동 478
가양,서울 강서구 등촌동 75-1
가오천동,대전 동구 가오동 235-12
가장내동,대전 서구 가장동 50-45
가정루원시티,인천 서구 가정동 614-14
가좌,인천 서구 가좌동 30-78
가평,경기 가평군 가평읍 대곡리 168-5
가호,경남 진주시 호탄동 611-3
가흥,경북 영주시 가흥동 1881
간석1호,인천 남동구 구월동 70-80
갈곶고현,경기 평택시 갈곶리 239-48
갈마1호,대전 서구 갈마동 394-29
갈매,"경기 구리시 갈매동 608-1 101호, 102호"
갈산삼산지구,인천 부평구 갈산동 55-8
감계,경남 창원시 의창구 북면 감계리 246-4
감만,부산 남구 감만1동 158-6
감삼성당,대구 달서구 감삼동 317-3
강남대,경기 용인시 기흥구 구갈동 594 강남피아
강남역,서울 서초구 서초동 1309-6
강동산하,울산 북구 산하동 89
강서,충북 청주시 흥덕구 가경동 1849
강서구청,서울 강서구 화곡동 986-16
강선,경기 고양시 일산동구 정발산동 687-5
강일,서울 강동구 강일동 679-3 리슈빌오피스텔
강제,충북 제천시 강제동 832
강진,전남 강진군 강진읍 남성리 5-4
강화,인천 강화군 강화읍 갑곳리 199-1
개금1호,부산 부산진구 개금동 2-1
개금2호,부산 부산진구 개금동 523-17
개봉1호,서울 구로구 개봉동 403-159
개운,강원 원주시 개운동 395-23
개포1호,서울 강남구 개포동 1229-18
개포2호,서울 강남구 개포동 158-4
갱고개,충북 충주시 교현동 173-11
거모,경기 시흥시 거모동 1757-1
거북섬,경기 시흥시 정왕동 2720-6
거여가락1호,서울 송파구 가락동 180-9
거제법조,부산 연제구 거제동 891-14
거창1호,경남 거창군 거창읍 대동리 697-5
건대,서울 광진구 화양동 9-18
건입,제주 제주시 일도2동 160-9
검단1호,인천 서구 검단로 왕길동 637-1
검암,인천 서구 검암동 626-2번지 태건프라자 105호
경북도청,경북 예천군 호명면 산합리 1408
경산,경북 경산시 옥산동 758-10(1층)
경산오거리,경북 경산시 중방동 880-1
경포,강원 강릉시 안현동 861-8
경화,경남 창원시 진해시 경화동 1199-2
경희대,서울 동대문구 회기동 42-16
계룡대,충남 계룡시 엄사면 엄사리 253-1
계림,광주 동구 대인동 319-6
계명,대구시 남구 양지로 107
계산1호,인천 계양구 계산동 1081-10
계산2호,인천 계양구 계산동 61-2
계산3호,인천 계양구 계산동 942-30
계양사동,경북 경산시 사동 48
고강1호,경기 부천시 오정구 고강1동 305-4
고덕1호(서울),서울 강동구 고덕동 650-1
고덕1호(평택),경기 평택시 고덕면 여염리 4434-2
고등,경기 성남시 수정구 고등동 595-11
고령,경북 고령군 대가야읍 지산리 3-11
고성(강원),강원 고성군 간성읍 하리 18-1
고성(경남),경남 고성군 고성읍 송학리 244-88
고양동,경기 고양시 덕양구 고양동 176-8 104호
고운,세종 고운동 1718
고읍1호,경기 양주시 광사동 657
고잔1호,경기 안산시 단원구 고잔동 756-1
고잔2호,경기 안산시 단원구 와동 720-13
고창,전북 고창군 고창읍 교촌리 483
고척1호,서울 구로구 개봉1동 126-4
고촌,김포시 고촌읍 신곡리 1064(스카이스퀘어 3)
고현상동,경남 거제시 고현동 406-18
고흥,전남 고흥군 고흥읍 남계리 439-3
곡반정,경기 수원시 권선구 곡반정동 584-4
곤지암,경기 광주시 곤지암읍 곤지암리 443-9
공도1호,경기 안성시 공도읍 만정리 417-98
공릉1호,서울 노원구 공릉동 338-6
공릉2호,서울 노원구 공릉동 461-1
공릉3호,서울 노원구 공릉동 568-27
공업탑,울산 남구 신정동 1218-7
공항신도시,인천 중구 운서동 2801-3
과천1호,경기 과천시 원문동 4 레미안 슈르 A상가(4번지)동 제1층 1023호
과천역,경기 과천시 부림동 49
관교,인천 남구 관교동 321-5
관양,경기 안양시 동안구 관양동 1724-1
관음,대구 북구 관음동 1383-9
관저1호,대전 유성구 원내동 829 외 1필지
관저느리울,대전 서구 관저동 1354
관평,대전 유성구 관평동 1056
광교1호,경기 수원시 영통구 이의동 1332 CB 4~5호
광명1호,경기 광명시 광명동 158-1015
광명역,"경기 광명시 일직동 511-5번지 대호M스퀘어 102호, 103호"
광안1호,수영구 광안동 120-13
광안2호,부산 수영구 광안동 168-3
광양읍1호,전남 광양시 광양읍 칠성리 947-3
광양읍2호,전남 광양시 광양읍 용강리 857-5번지
광장,서울 광진구 광장동 530-13
광주1호,경기 광주시 경안동 154-1
광혜원,충북 진천군 광혜원면 광혜원리 503-7
괘법,부산 사상구 괘법동 516-1
괴안,경기 부천시 소사구 괴안동 39-2
괴정1호,부산 사하구 괴정동 487-24
교동(속초),강원 속초시 교동 974-2
교동(울산),울산 울주군 삼남면 교동리 1578-1
교동1호(강릉),강원 강릉시 교1동 1863-3
교촌Togo화진,경북 포항시 북구 송라면 지경리 337-10
교하신도시,경기 파주시 다율동 1001-6
구갈2지구,경기 용인시 기흥구 구갈동 353-3
구래,경기 김포시 구래동 6883-1
구례,전남 구례군 구례읍 봉남리 11-9
구로2호,서울 구로구 구로동 74-30
구로디지털,서울 구로구 구로동 826-1
구룡포,경북 포항시 남구 구룡포읍 구룡포리 742-1
구산,경남 김해시 구산동 275-8
구산역,서울 은평구 갈현동 464-14
구서1호,부산 금정구 구서2동 1024-1
구서역,부산 금정구 구서동 457-23
구성1호,경기 용인시 기흥구 마북동 370-9
구암,대구 북구 태전동 1074-6
구암조촌,전북 군산시 조촌동 2-21
구영,울산 울주군 범서읍 구영리 801-6
구월,인천 남동구 구월동 1133-13
구월아시아드,인천 남동구 구월동 1517-2
구의역,서울 광진구 구의동 257-70
구일산,경기 고양시 일산서구 일산동 967-6
구지,대구 달성군 구지면 응암리 1204-2
구포1호,부산 북구 구포3동 1228-1
구포2호,부산 북구 구포동 932-35
국동,전남 여수시 신월동 96-1
국제신도시,부산 강서구 명지동 3412-6
군산대,전북 군산시 미룡동 867-2
권곡,충남 아산시 권곡동 549-26
권선1호,경기 수원시 권선구 권선동 1260-5
궐동,경기 오산시 궐동 650-1
금곡(부산),부산 북구 금곡동 57-6
금곡(안동),경북 안동시 당북동 311-8
금곡1호,경기 수원시 권선구 금곡동 1088-1
금광1호,경기 성남시 중원구 금광동 2706
금당1호,전남 순천시 조례동 1612번지 1-4호
금산(진주),경남 진주시 중천리 192-3
금산(충남),충남 금산군 금산읍 상리 47-10
금오,경기 의정부시 금오동 473-4
금왕,충북 음성군 금왕군 무극리 629
금정역,경기 군포시 산본동 236-2
금천광장,충북 청주시 상당구 용담동 395
금촌1호,경기 파주시 금촌동 51-8
금촌로데오,경기 파주시 금촌동 986-2
금호,광주 서구 쌍촌동 881번지
금호역,서울 성동구 금호동4가 1380
금호지구,대구 북구 사수동 912
기장,부산 기장군 기장읍 동부리 134-2
기지시,충남 당진시 반촌리 861-20
길1호,서울 강동구 길동 347-31
길동역,서울 강동구 길동 388-3
길음뉴타운,서울 성북구 길음동 1284-17
김제,전북 김제시 신풍동 594-4번지
김천,경북 김천시 신음동 1301-4
김천부곡,경북 김천시 부곡동 426-1
김천혁신,경북 김천시 율곡동 364
까치산역,서울 강서구 화곡동 343-62 라인씨티 1층
나운1호,전북 군산시 나운동 834-7
나주,전남 나주시 대호동 1040-7
남구로,서울 구로구 구로동 704-38
남목서부,울산 동구 서부동 113-33
남문,경남 창원시 진해구 남문동 1246-4 (골든프라자)
남부(순천),전남 순천시 풍덕동 1265-5
남부(포항),경북 포항시 남구 대도동 124-13
남부민,부산 서구 충무동2가 3-1
남사,경기 용인시 처인구 남사면 아곡리 702
남산1호,부산 금정구 남산동 99-6
남산대신,대구 중구 남산3동 2466-14
남악,"전남 무안군 삼향읍 남악리 1577 골든스위트 119, 120호"
남양(창원),경남 창원시 성산구 가음동 7-2 더원빌딩 104호
남양1호(화성),경기 화성시 남양읍 남양리 2073-6
남원,전북 남원시 도통동 387-12
남지,경남 창녕군 남지읍 남지리 994-7
남창,울산 울주군 온양읍 대안리 179-10
남평,전남 나주시 남평읍 동사리 359-3
남포부평,부산 중구 중앙동1가 23-6
남해,경남 남해군 남해읍 서변리 160-11
낭월,대전 동구 낭월동 370
내곡,강원 강릉시 내곡동 428-1
내당,대구 서구 내당동 219-7
내동,경남 김해시 내동 138-1
내서삼계,경남 창원시 마산회원구 삼계리 35-14
내손갈뫼,경기 의왕시 내손1동 755-4 명성프라자
내일동,경남 밀양시 내이동 1566-6
내포1호,충남 홍성군 홍북면 신경리 1181번지 승우빌딩 107호
노대효천,광주 남구 노대동 819
노량진,서울 동작구 노량진동 37-1
노암,강원 강릉시 노암동 708-1
노은1지구,대전 유성구 노은동 553-9 스타돔 120호
노은2지구,대전 유성구 지족동 985-2
노형,제주 제주시 노형동 1055-1
녹번,서울 은평구 녹번동 82-47
녹양,경기 의정부시 가능동 92-51
논공,대구 달성군 논공읍 북리 803-148
논현1호(서울),서울 강남구 논현동 164-16
논현1호(인천),인천 남동구 논현동 620-8
논현에코메트로,인천 남동구 논현동 752-1
농성1호,광주 서구 화정동 178-128
늘품,강원 원주시 반곡동 1767-54
능곡,경기 시흥시 능곡동 545
능평,경기 처인구 모현읍 능원리 16-11
다대1호,부산 사하구 다대2동 85-5
다대2호,부산 사하구 다대동 1014
다사,대구 달성군 다사읍 죽곡리 809-1
다산,경북 고령군 다산면 상곡리 162-21
다산신도시1호,경기 남양주시 다산동 산3006-2
다운,울산 중구 다운동 536-1
다정,세종특별자치시 다정동 363-10
단계,강원 원주시 단계동 838-4
단구,강원 원주시 단구동 1631-2
단양,충북 단양군 단양읍 도전리 523
달동,울산 남구 달동 135-2
달성비산,대구 서구 비산동 440-5
담양,전남 담양군 담양읍 백동리 247-7
답십리1호,서울 동대문구 답십리동 53-50
당감,부산 부산진구 당감동 367-2
당동1호,경기 군포시 당동 904-5 그린프라자 102호
당리괴정2호,부산 사하구 괴정동 577-42
당산,서울 영등포구 영등포동8가 35-1
당하,인천 서구 마전동 585
대곡,대구 달서구 도원동 1442-2 1층 107호
대곡2지구,대구 달서구 대곡동 1068
대관령,강원 평창군 횡계리 354-8
대교남항,부산 영도구 남항동1가 82
대구혁신,대구 동구 각산동 1098-5 102호
대림2호,서울 영등포구 대림동 783-1
대명1호,대구 남구 대명동 1098-4
대방,경남 창원시 성산구 성주동 100
대사부사,대전 중구 대사동 69-53
대산,충남 서산시 대산읍 산리 129-5
대소,충북 음성군 대소면 태생리 539-170
대신,부산 서구 서대신동1가 163-1
대연1호,부산 남구 대연동 1013-8
대연2호,부산 남구 대연동 52-7
대연3호,부산 남구 대연동 1161-9
대원,경남 창원시 이창구 대원동 96-1
대정,제주 서귀포시 대정읍 하모리 1048-4
대조,서울특별시 은평구 대조동 231
대청,경남 김해시 대청동 61-1
대치1호,서울 강남구 대치동936
대치2호,서울 강남구 대치동 989-4
대학로,서울 종로구 명륜동4가 113-1
대해중앙,경북 포항시 남구 대도동 97-4
대화,경기 고양시 일산서구 대화동 2126-2 (동남빌딩 101호)
대흥,대전 중구 대흥동 204-3
덕계,경남 양산시 덕계동 750
덕계(양주),경기 양주시 덕계동 698-5
덕산,충북 진천군 덕산읍 용몽리 85
덕성여대,서울 강북구 우이동 72-133
덕소1호,경기 남양주시 와부읍 덕소리 141-91
덕신,울산 울주군 덕신리 1294-2
덕정1호,경기 양주시 덕정동 240-27
덕천2호,부산 북구 덕천3동 781-2
덕천역,부산 북구 덕천동 402-12
덕충,전남 여수시 덕충동 2041
덕포,부산 사상구 덕포동 767-10
덕풍1호,경기 하남시 덕풍동 309-64
덕하,울산 울주군 상남리 818-17
도계명서,경남 창원시 의창구 도계동 396-9
도곡,서울 강남구 도곡동 416-4
도구청림,경북 포항시 남구 동해면 도구리 694-3
도남지구,대구 북구 국우동 592-1
도농1호,경기 남양주시 다산동 608
도담,세종 도담동 245-1
도두해안도로,제주 제주시 도두1동 2625-4
도량,경북 구미시 도량동 262-1
도마1호,대전 서구 도마동 114-19
도봉동,서울 도봉구 도봉2동 623-163
도안1지구,대전 유성구 상대동 469-9
도안2지구,대전 서구 가수원동 1036
도화(서울),서울 마포구 도화동 55
도화(인천),인천 미추홀구 도화동 1005-3 스카이프라자2
독립문,서울 서대문구 냉천동 226
독산1호,서울 금천구 독산동 961-10
독산2동,서울 금천구 독산동 1059-4
돌산,전남 여수시 돌산읍 우두리 1095-9
동구청,대구 동구 신암동 345-3
동금,경남 사천시 동금동 58-4
동남지구,충북 청주시 상당구 용암동 3034
동대,충남 보령시 동대동 1766
동대문1호,서울 중구 창신동 464-6
동덕여대,서울 성북구 하월곡동 17-1
동명,강원 속초시 동명동 1-18
동문,충남 서산시 동문동 406-2
동백1호,경기 용인시 기흥구 동백동 614-5
동부이촌,서울 용산구 이촌1동 301-153 오성상가 103
동삭1호,경기 평택시 동삭동 704-4
동산,전북 익산시 마동 344-5
동산조촌,전북 전주시 덕진구 반월동 230-6
동삼,부산 영도구 동삼동 219-146
동서대,부산 사상구 주례동 55-176
동서변,대구 북구 동변동 669-4
동소문,서울 성북구 동선동5가 147-13
동양미래대학,서울 구로구 고척동 343
동읍,경남 창원시 의창구 동읍 용잠리 371-2
동천(경주),경북 경주시 동천동 987-44
동천(광주),광주 서구 동천동 598
동천1호,경기 용인시 수지구 동천동 941-7
동천3지구,대구 북구 동천동 906-3
동촌,대구 동구 검사동 1111
동춘,인천 연수구 동춘동 934-1
동탄1능동,경기 화성시 반송동 70-4
동탄1호,경기 화성시 반송동 42-6
동탄2 영천,경기 화성시 영천동 701-1
동탄2목동,경기 화성시 목동 454-5
동탄2산척,경기 화성시 산척동 산16
동탄2청계,경기 화성시 청계동 536
동탄2호,경기 화성시 반송동 217-6
동탄2호수공원,경기도 화성시 송동 709-1
동탄테크노밸리,경기 화성시 영천동 797-1
동판교,경기 성남시 분당구 삼평동 664
동호,대구 동구 동호동 384-7
두류,대구 달서구 두류동 620-12
두암1호,광주 북구 두암2동 826-50
두정,충남 천안시 서북구 성정2동 1211
둔덕,전남 여수시 둔덕동 434-7
둔산1호,대전 서구 둔산2동 1093
둔산2호,대전 서구 둔산동 1851
둔전,경기 용인시 처인구 포곡읍 둔전리 400-2
둔촌1호,서울 강동구 둔촌동 454-5
등촌,서울 강서구 등촌동 649-14
마곡1호,서울 강서구 강서로 마곡동 784-11 마곡오드카운티1차 111호
마곡역,서울 강서구 마곡동 774-1
마린시티,부산 해운대구 우동 1434-2
마산현동,경남 창원시 마산합포구 현동 374
마석,경기 남양주시 화도읍 마석우리 384-8
마재,"광주 서구 금호동 813 대주파크빌상가 124동 114호, 115호"
마천1호,서울 송파구 거여동 32-6
만년,대전 서구 만년동 316
만덕1호,부산 북구 만덕동 294
만덕2호,부산 북구 만덕3동 915-6
만성,전북 전주시 덕진구 만성동 1365-6
만수1호,인천 남동구 만수동 1045 103호
만수2호,인천 남동구 만수동 1118-2
만수3호,인천 남동구 간석3동 921-14
만촌1호,대구 수성구 만촌동 849-2
만촌2호,대구 수성구 만촌1동 1326-32
망미1호,부산 수영구 망미동 413-11
망우본동,서울 중랑구 망우동 251-2
망원2동,서울 마포구 망원동 482-9
매곡,광주 북구 매곡동 334-5
매교,경기 수원시 권선구 세류동 97-5
매탄1호,경기 수원시 영통구 매탄동 1170-4
매탄2호,경기 수원시 영통구 매탄2동 199-69
매탄3호,경기 수원시 영통구 매탄4동 208-21
메트로시티1호,부산 남구 용호동 176-30
면목1호,서울 중랑구 면목본동 72-43
면목2호,서울 중랑구 면목2동 191-126
명곡,대구 달성군 화원읍 명곡리 320-1
명동,충북 제천시 제천시 하소동 56-7
명륜(부산),부산 동래구 명륜1동 673-9
명륜(원주),강원 원주시 명륜동 539
명일1호,서울 강동구 명일동 328-2
명장1호,부산 동래구 명장동 26-24번지 국제아파트 상가 106호
명지대,서울 서대문구 남가좌동 344-7
명지법원네오,부산 강서구 명지동 3432-1 2동 102호
명지신도시,부산 강서구 명지동 3256-5
모라,부산 사상구 모라동 1349-4
모란역,경기 성남시 중원구 성남동 3249
모현,전북 익산시 모현동1가 857
목3동,서울 양천구 목동 722-8 호성빌딩
목감신도시2호,경기 시흥시 조남동 657-2
목감역,경기 시흥시 목감동 410-2
목동1호,서울 양천구 목동 797-3
목동2호,서울 양천구 목동 909-8 이화프라자 1층 101호
목동오거리,서울 양천구 목동 940 현대아이파크상가 102
목동파크자이,서울 양천구 신정동 171-68
목천,충남 천안시 동남구 목천읍 신계리 134-18
못골,부산 남구 대연동 1543-33
무거1호,울산 남구 무거동 1484-2
무동,경남 창원시 의창구 북면 무동리 145-7
무실,강원 원주시 무실동 1664-3
무안읍,전남 무안군 무안읍 성남리 813-45
무주,전북 무주군 무주읍 읍내리 962
무주구천,전북 무주군 설천면 삼공리 364-4
무지개마을,경기 성남시 분당구 구미동 212-2
묵동,서울 중랑구 묵동 175-2
묵호,강원 동해시 부곡동 74-5
문래,서울 영등포구 문래동3가 77-34
문막,강원 원주시 문막읍 건등리 1705-3
문산,경기 파주시 문산읍 방촌로 1729
문성,경북 구미시 고아읍 문성리 1850
문수,전남 여수시 문수동 124-1
문정법조,서울 송파구 문정동 620 송파푸르지오시티 B09호
문현1호,부산 남구 문현동 359-5
문현2호,부산 남구 문현1동 127-56
문화1호,대전 중구 문화동 466-16
문화중앙,경남 창원시 마산합포구 중앙동2가 5-42번지
문흥1호,광주 북구 문흥동 980-15
물금,경남 양산시 물금읍 범어리 2682-10
물금역,경남 물금읍 물금리 800-5
미금,경기 성남시 분당구 구미동 50-2
미사1호,경기 하남시 망월동 1004-1
미사역,경기도 하남시 망월동 1098-3
미수봉평,경남 통영시 미수동 22-1번지 운하상가 115호
미아1호,서울 강북구 미아동 561-2 현대성우아파트 상가 104호
미아사거리,서울 강북구 미아동 55-5
미아역,서울 강북구 미아동 131-8
미원,전북 군산시 대명동 384-10
미장수송,전북 군산시 수송동 841-5
민락(부산),부산 수영구 민락동 165-15
민락(의정부),경기 의정부시 민락동 834-3
민락2호,경기 의정부시 민락동 902-1
박달사거리,경기 안양시 만안구 박달동 85-15
반구1호,울산 중구 반구동 874-3
반구2호,울산 중구 반구동 99-17
반송(부산),부산 해운대구 반송2동 216-150
반송(창원),경남 창원시 성산구 반지동 74-3
반여1호,부산 해운대구 반여동 1628-5
반월,경기 안산시 상록구 건건동 650-1
반포1호,서울 서초구 반포동 1053 H동 26호
반포삼호가든,서울 서초구 반포동 53-7
발산,서울 강서구 내발산동 648-15
발안1호,경기 화성시 향남면 행정리 426-11
밤가시후곡,경기 고양시 일산동구 정발산동 1093
방배1호,서울 서초구 방배동 761-8
방배2호,서울 서초구 방배동 912-8
방어,울산 동구 방어동 1087-9
방이2호,서울 송파구 방이동 59-1
방이역,서울 송파구 오금동 41-23 성암빌딩 1층
방촌,대구 동구 방촌동 1118-121
방학,서울 도봉구 방학동 659-32
방화1호,서울 강서구 방화동 571-1
방화2호,서울 강서구 방화2동 580-27
배곧신도시1호,"경기 시흥시 정왕동 2475 에이플러스 115, 116호"
배곧신도시2호,경기 시흥시 정왕동 2536
배미,충남 아산시 배미동 239-17
배방1호,충남 아산시 배방읍 공수리 1639
백마강촌,경기 고양시 일산동구 마두동 753-3
백석(양주),경기 양주시 백석읍 복지리 168-3
백석(천안),충남 천안시 서북구 백석동 910번지 주공아파트상가 103호
백송,경기 고양시 일산동구 백석동 1225 중앙프라자 103호
백운,광주 남구 서동 71-15
백운호수,경기 의왕시 학의동 1093-4
번동,서울 강북구 번동 169-1
벌용,경남 사천시 벌리동 255-9
범계,경기 안양시 비산동 1110-1
범물,대구 수성구 범물동 1374-4
범어1호,대구 수성구 범어동 203-18
범어2호,대구 수성구 범어동 478-12
범일1호,부산 동구 범일동 833-2
범천,부산 부산진구 범천동 1278-11
법동,대전 대덕구 중리동 385-26
변산격포,전북 부안군 변산면 격포리 260-159
별내2호,경기 남양주시 별내동 846-7
별내역,경기 남양주시 별내동 1006-1
병점1호,"경기 화성시 병점동 379-10 병점프라자 109호, 110호"
병점2호,경기 화성시 진안동 914-1
보광,서울 용산구 보광동 217-13
보라,경기 용인시 기흥구 보라동 581-2
보람,세종시 보람동 628-4
보문,서울 성북구 보문동7가 99
보성,전남 보성군 보성읍 보성리 831-19
보은,충북 보은군 보은읍 삼산리 153-2
보정,경기 용인시 기흥구 보정동 1204-4
복대1호,충북 청주시 흥덕구 복대동 1652
복사골,경기 부천시 원미구 중동 716-4
복산,울산 중구 복산동 399-12
복수,대전 서구 복수동 622
복운,충남 당진시 송악면 복운리 1642-11
복천,부산 동래구 복천동 476-1
복현1호,대구 북구 복현동 426-5
복현2호,대구 북구 복현동 539 -110 복현서한타운 상가 103호
본오1호,경기 안산시 상록구 본오동 879-10
본오2호,경기 안산시 상록구 본오동 857-8
봉곡,경북 구미시 봉곡동 302-4
봉곡사림,경남 창원시 의창구 봉곡동 116-4
봉담1호,경기 화성시 상리 26-8
봉덕,대구 남구 봉덕동 687-32
봉동,전북 완주군 봉동읍 둔산리 905-7
봉래영선,"부산 영도구 영선동1가 69-2, 69-3"
봉명1호,충북 청주시 흥덕구 봉명동 2844-3
봉명다가,충남 천안시 동남구 다가동 373-6
봉방문화교현,충북 충주시 교현동 634-17
봉선1호,광주 남구 주월1동 1253-4
봉선2호,광주 남구 봉선동 164-1
봉일천,경기 파주시 조리읍 봉일천리 142-3
봉천1호,서울 관악구 봉천동 861-7
봉천2호,서울 관악구 봉천동 1674-20
봉천3호,서울 관악구 봉천동 1632-9
봉천4호,서울 관악구 봉천동 931-12
봉천5호,서울 관악구 봉천3동 7-291
봉포,강원 고성군 토성면 봉포리 166-21
봉화,경북 봉화군 봉화읍 내성리 222-1
부개3동,인천 부평구 부개동 12-176
부곡(군포),경기 군포시 부곡동 1120-4
부곡(안산),경기 안산시 상록구 부곡동 670-2
부곡1호,부산 금정구 부곡동 23-15
부곡2호,부산 금정구 부곡1동 324-20
부산대,부산 금정구 금강로 장전동 418-13
부송,전북 익산시 부송동 710-5
부안,전북 부안군 부안읍 봉덕리 826-1
부암1호,부산 부산진구 부암동 301-33
부여,충남 부여군 부여읍 관북리 133-5
부원봉황,경남 김해시 부원동 607-3
부천역,경기 부천시 심곡동 161-5
부평1호,인천 부평구 부평동 451-30
부평2호,인천 부평구 부평동 889-8
부평역,인천 부평구 부평동 192-14
북가좌1호,서울 서대문구 북가좌동 385-8
북면,경북 울진군 북면 부구리 159-27
북변,경기 김포시 감정동 529-3
북신무전,경남 통영시 무전동 1033-2
북아현1호,서울 서대문구 북아현동 1006
분당효자,경기 성남시 분당구 서현동 333-1
분평,충북 청주시 서원구 분평동 1234
불광1동,서울 은평구 불광동 554-1 라비앙프라자1층 101호
불당,충남 천안시 서북구 불당동 1630
불로원당,인천 서구 당하동 1033-3 조이빌 103
비래,대전 동구 가양동 88-1 조일아파트상가 A동
비산1호,경기 안양시 동안구 비산동 566-7
비전1호,경기 평택시 비전동 829-1
비전2호,경기 평택시 비전동 790-3
비파,전남 목포시 상동 851
빛가람1호,전남 나주시 빛가람동 190-3
사가정역,서울 중랑구 면목동 496-14
사남,경남 사천시 사남면 월성리 64-3
사당1호,서울 동작구 사당3동 155-2 1F
사당3호,서울 동작구 사당동 220-119
사동1호,경기 안산시 상록구 사동 1172
사동2호,경기 안산시 상록구 사동 1376-7
사북고한,강원 정선군 사북읍 사북리 344-56
사우,경기 김포시 사우동 998
사직1호(부산),부산 동래구 사직동 137-26
사직1호(청주),충북 청주시 흥덕구 사직2동 595-12
사직2호,부산 동래구 사직동 89-16
사창,강원 화천군 사내면 사창리 457-12
사천,경남 사천시 사천읍 수석리 293-23
사파,경남 창원시 성산구 사파동 113-16
산격,대구 북구 산격동 1400-20
산곡1호,인천 부평구 산곡동 369-270
산곡2호,인천 부평구 청천동 259-15
산곡3호,인천 부평구 산곡2동 251-1
산남성화,충북 청주시 흥덕구 성화동 886번지 101호
산내마을,경기 파주시 목동동 937
산동,경북 구미시 산동면 신당리 1437
산본1호,경기 군포시 산본동 1106-3 101호
산본3호,경기 군포시 산본동 1060 산본타운 2층
산본역,경기 군포시 산본동 1132-2
산청,경남 산청군 산청읍 옥산리 249
삼계1호,경남 김해시 삼계동 1479-4
삼계2호,경남 김해시 삼계동 1415-5
삼례우석대,전북 완주군 삼례읍 후정리 13-8
삼문상남,경남 밀양시 삼문동 717-11
삼방,경남 김해시 삼방동 171-12
삼산(부평),인천 부평구 삼산동 433-1
삼산(울산),울산 남구 달동 1266-9
삼산2호,울산 남구 삼산동 203-15
삼성,경남 양산시 북정동 885-12
삼성1호,서울 강남구 삼성동 44-18
삼송,경기도 고양시 덕양구 신원동 626-1 1층 상가 5~6호
삼양화북,제주 제주시 화북1동 1023-2
삼정,경남 김해시 삼정동 590-1
삼척,강원 삼척시 남양동 17-2
삼천1호,전북 전주시 완산구 삼천동1가 621
삼학,전남 목포시 산정동 1284
삼호,전남 영암군 삼호읍 용앙리 481
상계4단지,서울 노원구 상계동 749-5
상계보람,서울 노원구 상계동 456-70
상계역,서울 노원구 중계동 137-39
상남,경남 창원시 성산구 상남동 34-9
상대,경남 진주시 상대동 238-3
상대원1호,경기 성남시 중원구 상대원동 5027
상도,서울 동작구 상도동 535 상도2차 두산위브트레지움아파트 상가
상도터널,서울 동작구 상도동 159-26
상동,전북 정읍시 시기동 170-4
상동1호,경기 부천시 원미구 상2동 546-6 110호
상동석현,전남 목포시 석현동 1173-2
상동역,경기 부천시 원미구 상동 523-3 대동프라자 1층 107호
상모,경북 구미시 상모동 42-7
상무1호,광주 서구 치평동 1258
상문,경남 거제시 상동동 913-2
상봉1호,서울 중랑구 상봉동 91-1
상봉중앙,경남 진주시 중안동 2-11
상북,경남 양산시 상북면 석계리 242-1
상암,서울 마포구 상암동 34-45
상인,대구 달서구 상인동 1555-1
상일,서울 강동구 고덕동 200-3
상일2호,서울 강동구 구천면로 640
상주,경북 상주시 무양동 213-3
상평,경남 진주시 상평동 198-43
상현1호,경기 용인시 수지구 상현동 3-4
상현역,경기 용인시 수지구 상현동 1160
생연,경기 동두천시 생연동 689-28
서곡효자,전북 전주시 완산구 효자동3가 1609-16
서귀포1호,제주 서귀포시 동흥동 117-6
서귀포남원,제주 서귀포시 남원읍 남원리 50
서귀포명동,제주 서귀포시 서귀동 408-3
서귀포혁신도시,제주 서귀포시 강정동 166-10
서동1호,부산 금정구 서동 210-6
서면,부산 부산진구 부전동 266-24
서산테크노,충남 서산시 오사리 1666
서신,전북 전주시 완산구 서신동 938-5
서울시립대,서울 동대문구 전농동 295-5
서울시청,서울 중구 태평로2가 55
서재세천,대구 달성군 다사읍 서재리 423-15
서창,인천 남동구 서창동 706
서창1호,경남 양산시 삼호동 707-2
서천,충남 서천군 군사리 718-11
서초1호,서울 서초구 서초동 1357-56
서초2호,서울 서초구 서초동 1669-15
서초3호,서울 서초구 서초동 1579-5
서충주기업도시,"충북 충주시 중앙탑면 용전리 664 (107호, 108호)"
서판교,경기 성남시 분당구 판교동 612-3
서현,"경기 성남시 분당구 서현동 89-7, 삼성한신근린상가"
석계역,서울 노원구 월계1동 73-13
석관장위,서울 성북구 장위동 50-46
석남가정,인천 서구 가정동 505-4
석동덕산,경남 창원시 진해구 석동 139-6
석림,충남 서산시 예천동 1287-5
석사,강원 춘천시 석사동 748-18(33통405)
석산,경남 양산시 동면 금산리 1422-14
석수1호,경기 안양시 만안구 석수1동 177-6
석적,경북 칠곡군 석적읍 중리 203-5
석전회성,경남 창원시 마산회원구 석전동 264-56
석촌,서울 송파구 석촌동 163-1
선부1호,경기 안산시 단원구 선부동 1070-2
선부2호,경기 안산시 단원구 선부동 1142-7
선산,경북 구미시 선산읍 동부리 416
선운지구,광주 광산구 선암동 777
선유도역,서울 영등포구 양평동4가 147-3
선학연수3호,인천 연수구 선학동 406-2
성거,충남 천안시 서북구 성거읍 저리 65-1
성건중앙,경북 경주시 성건동 625-13
성남위례,경기 성남시 수정구 창곡동 547-8
성내,서울 강동구 성내2동 509-7 1층
성내용산,충북 충주시 용산동 1650-2
성덕,강원 강릉시 입암동 498-13
성복,경기 용인시 수지구 성복동 162-3
성산2동,서울 마포구 성산동 592
성산일출봉,제주 서귀포시 성산읍 성산리 362-1
성서,대구 달서구 신당동 1761-5
성성,충남 천안시 서북구 성성동 656
성수1호,서울 성동구 성수동2가 235-1
성수역,서울 성동구 성수동2가 289-251
성안,울산 중구 성안동 804-10
성정,충남 천안시 서북구 성정동 149-4
성주,경북 성주군 성주읍 성산리 2102-4
성주안민,경남 창원시 성산구 성주동 125
성환1호,충남 천안시 서북구 성환읍 매주리 325-5 외 1
세곡,서울 강남구 자곡동 611
세교,경기 평택시 세교동 181-8
세마수청,경기 오산시 수청동 618-1
세종소담,세종 소담동 576
세종아름,세종  아름동 1363
세화,제주 제주시 구좌읍 평대리 3349-8
소래포구,인천 남동구 논현동 671-3
소룡산북,전북 군산시 소룡동 1545-5번지
소사벌,"경기 평택시 비전동 1015 엘도라도 시티 104호, 105호"
소사범박,경기 부천시 소사본동 139-9
소촌우산,광주 광산구 소촌동 244-6
소하1호,경기 광명시 소하동 1240-1
소하2호,경기 광명시 소하동 1342-1
솔내,전북 전주시 덕진구 송천동1가 405-1
송강,대전 유성구 봉산동 198-13
송내(동두천),경기 동두천시 지행동 694 예일 복합타워 114호
송내(부천),경기 부천시 소사구 송내1동 366-13
송내로데오,경기 부천시 원미구 상동 400-2
송도,경북 포항시 남구 해도동 25-28
송도1호,인천 연수구 송도동 21-59  302동 102호
송도8공구,인천 연수구 송도동 316
송도감천,"부산 서구 암남동 64-2 상가동 108호,109호(암남동)"
송도드림시티,인천 연수구 송도동 3-2
송도캠퍼스타운,인천 연수구 송도동 155(송도아메리칸타운파크)
송산그린시티,경기 화성시 새솔동
송우,경기 포천시 소흘읍 송우리 729-3 파크프라자 1층
송정(구미),경북 구미시 송정동 38-5 우방타운 206동2호
송정(부산),부산 해운대구 송정동 227-7
송정1호,광주 광산구 도산동 1143
송정지구,울산 북구 송정동 407
송천,전북 전주시 덕진구 송천동2가 179-116
송촌1호,대전 대덕구 송촌동 454-4
송탄1호,경기 평택시 이충동 664-4
송탄2호,경기 평택시 지산동 714-11
송파1호,서울 송파구 송파동 147
송현(대구),대구 달서구 송현1동 207-2
송현(인천),인천 동구 송림동 234-1
송현오거리,경북 안동시 송현동 260-5
수곡,충북 청주시 수곡동 896
수내1호,경기 성남시 분당구 수내동 32 양지마을청구아파트
수락산역,서울 노원구 상계동 1118
수성(대구),대구 수성구 수성동4가 1022-11
수성(정읍),전북 정읍시 수성동 954-13
수성호수,대구 수성구 두산동 653-5
수안,부산 동래구 수안동 192-4
수암,울산 남구 야음동 692-6
수양,경남 거제시 수월동 1120-14
수영,부산 수영구 수영동 503-23
수완1호,광주 광산구 장덕동 1479번지 1층
수완2호,광주 광산구 수완동 1126
수원역,경기 수원시 팔달구 고등동 86-4
수유1호,서울 강북구 수유동 385-2
수유역점,서울 강북구 번동 461-127
수정1호,부산 동구 수정동 295-3
수지1지구,경기 용인시 수지구 풍덕천동 29-10
수지2지구,경기 용인시 수지구 풍덕천동 697
수진1호,경기 성남시 수정구 수진동 88번지 102호
수택,경기 구리시 교문동 760-12
숙대,서울 용산구 청파동2가 90-11
순창,전북 순창군 순창읍 순화리 282-6
순천대점,전남 순천시 석현동 80-5
숭인,서울 종로구 숭인2동 183-13
시지1호,대구 수성구 매호동 1328-12
시지2호,대구 수성구 시지동 489-2
시지3호,대구 수성구 신매동 593-4
시청(부산),부산 연제구 거제3동 34-19
시청(제주),제주 제주시 이도이동 1179-18
시흥1호,서울 금천구 시흥2동 264-17
시흥2호,서울 금천구 시흥1동 905-5
식사,경기 고양시 일산동구 식사동 1531
신가,광주 광산구 신가동 974-6
신곡,경기 의정부시 신곡동 484
신곡2호,경기 의정부시 신곡동 703-9
신공덕,서울 마포구 신공덕동 159(신공덕 래미안상가 1동109호)
신관,충남 공주시 신관동 24-25
신기,전남 여수시 신기동 117-7
신길1호,서울 영등포구 신길동 296-14
신길2호,서울 영등포구 신길7동 674
신내1호,서울 중랑구 신내동 797
신당1호,서울 중구 신당동 846
신대,전남 순천시 해룡면 신대리 1977-8
신대방,서울 동작구 신대방동 607-28
신대방삼거리,서울 동작구 대방동 407-46
신도림1호,서울 구로구 신도림동 648 신도림6차대림아파트 상가 902동 111호
신동1호,경기 수원시 영통구 신동 935-3
신림1호,서울 관악구 신림동 518-56
신림2호,서울 관악구 신림동 1680-15
신림3호,서울 관악구 신림동 241-66
신림4호,서울 관악구 신림동 706-6
신방1호,충남 천안시 동남구 신방동 785-32
신방통정,충남 천안시 동남구 신방동 1538
신백,충북 제천시 신백동 214-7
신부1호,충남 천안시 동남구 신부동 728
신사1동,서울 은평구 신사동 29-13
신사우동,강원 춘천시 우두동 1052-29
신성,대전 유성구 신성동 137-15
신수,서울 마포구 신수동 451번지 세양청마루아파트 상가 101호
신시가지,전북 전주시 완산구 효자동2가 1327-1
신안평거,경남 진주시 신안동 439-7
신암대현,대구 북구 대현동 153-4
신영통1호,경기 수원시 영통구 망포동 381-2
신용산역,서울 용산구 한강로2가 122-5
신월1호,서울 양천구 신월동 602-8
신월2호,서울 양천구 신월7동 972-6
신월사거리,서울 양천구 신월동 166-5
신월성,대구 달서구 월성동 1264번지 트럼프스타 B/D 106호
신이문,서울 동대문구 이문동 255-222
신장1호,경기 하남시 신장동 447-28
신장2호,경기 하남시 천현동 40-13
신정1호,서울 양천구 신정동 1022-5
신정3동(구 신정3호점),울산 남구 신정3동 177-1
신주례,부산 사상구 주례2동 3-17
신중동,경기 부천시 원미구 중동 1147-1
신창,광주 광산구 신창동 1236-1
신천1호(대구),대구 동구 신천동 501-5
신천1호(시흥),경기 시흥시 신천동 707-50
신천2호,대구 동구 신청동 377-12
신촌,서울 서대문구 창천동 41-14
신탄진,대전 대덕구 석봉동 309-1
신트리,서울 양천구 신정동 1267 목동뉴프라자
신평,충남 당진시 신평면 거산리 13-4번지 1층
신평1호,부산 사하구 신평동 262-20
신평공단,경북 구미시 신평동 95-4
신풍역,서울 영등포구 신길동 445-2
신현,경기 광주시 오포읍 신현리 371-4
신호,부산 강서구 신호동 317-15
신흥1호,경기 성남시 수정구 신흥동 34
심곡1호,경기 부천시 소사구 심곡본동 678-17
십정1호,인천 부평구 십정동 440-11
쌍문1호,서울 도봉구 방학동 263-56
쌍문역,서울 도봉구 쌍문3동 88-127
쌍용1호,충남 천안시 쌍용동 1530
쌍용2호,충남 천안시 쌍용동 987
쌍촌1호,광주 서구 쌍촌동 147
아라,제주 제주시 아라일동 6080
아라이도,제주 제주시 이도2동 1970-24
아름마을,"경기 성남시 분당구 야탑동 533-8, 미라보상가 1층 7호"
아미부민,부산 서구 부민동1가 11-3
아산테크노,충남 아산시 둔포면 석곡리 1704
아주,경남 거제시 아주동 1178-2
아주대,경기 수원시 팔달구 우만동 85-3 우만동R타워
아중,전북 전주시 덕진구 인후동1가 834-4
아현,서울 마포구 아현동 774 마포래미안 푸르지오 101동 상가 114호
안강,경북 경주시 안강읍 산대리 2400-2
안국,서울 종로구 화동 138-7
안락2호,부산 동래구 안락동 670-13
안산,전남 여수시 안산동 438-7
안서,충남 천안시 안서동 227-3
안성1호,경기 안성시 연지동 94
안성2호,경기 안성시 인지동 390-35
안성중앙대,경기 안성시 대덕면 내리 678-8
안암,서울 동대문구 제기동 142-8
안양1번가,경기 안양시 만안구 안양동 674-241
안양1호,경기 안양시 만안구 안양동 711-317
안양2호,경기 안양시 만안구 안양동 473-4
안중1호,경기 평택시 안중읍 현화리 47
안행,전북 전주시 완산구 효자동1가 202-1
암사1호,서울 강동구 암사동 504-37
암사2호,서울 강동구 암사동 446-18
압구정신사,서울 강남구 신사동 640-5 대성빌딩 1층 1호
앞산,대구 남구 대명동 780-3
애월해안도로,제주 제주시 애월읍 고내리 1145-1
야음1호,울산 남구 야음동 715-3
야음2호,울산 남구 야음1동 455-8
야탑1호,경기 성남시 분당구 야탑동 272-4
야탑역,경기 성남시 분당구 야탑동 376-13
약대,경기 부천시 삼정동 294-7
약사병영,울산 중구 약사동 629-17
약수,서울 중구 신당동 374-14
양곡,경기 김포시 양촌읍 양곡리 1302-2
양구,강원 양구군 양구읍 상리 227-105
양덕(창원),경남 창원시 마산회원구 양덕동 61-61
양덕(포항),경북 포항시 북구 양덕동 1574
양벌,경기 광주시 오포읍 양벌리 290-3
양산1호,광주 북구 양산동 877-1 1층
양양,강원 양양군 양양읍 남문리 125
양재1호,서울 서초구 양재동 327-2
양정,부산 부산진구 양정동 310-6
양정염포,울산 북구 양정동 497-11
양지,경기 용인시 처인구 양지리 454-2
양평,경기 양평군 양평읍 양근리 183-4
양학대이,경북 포항시 남구 이동 652-4
어방,경남 김해시 어방동 523-2
언양,울산 울주군 언양읍 남부리 256-2
엄궁,부산 사상구 엄궁동 40-94
에코시티,전북 전주시 덕진구 송천동2가 1298
여서,전남 여수시 여서동 227-2
여월작동,경기 부천시 여월동 332
여의도,서울 영등포구 여의도동 44-31
여주1호,경기 여주군 하동 405-4
여주대,경기 여주군 여주읍 점봉리
역곡2동,경기 부천시 원미구 역곡동 48-5
역삼1호,서울 강남구 역삼동 837-15
역촌1호,서울 은평구 역촌동 55-1
연경,대구 북구 연경동 949-1
연남,서울 마포구 연남동 369-20
연무,충남 논산시 연무읍 안심리 76-64
연무1호,경기 수원시 장안구 연무동 249-13
연산1호,부산 연제구 연산동 479-9
연산2호,부산 연제구 연산4동 578-1 삼익아파트 상가 101호
연산3호,부산 연제구 연산동 2133-48
연산4호,부산 연산동 367-18
연수,충북 충주시 연수동 1610
연수중앙,인천 연수구 연수동 626
연신내,서울 은평구 불광동 484-72
연일,경북 포항시 남구 생지리 157-9
연제,광주 북구 연제동 41-3
연지,부산 부산진구 연지동 40-12
연향,전남 순천시 연향동 1351-1
연희1호(서울),서울 서대문구 연희3동 344-26
연희1호(인천),인천 서구 심곡동 257-15
염창,서울 강서구 염창동 249-5
영광,전남 영광군 영광읍 신하리 819-8
영대,경북 경산시 압량면 신대리 497
영덕,경북 영덕군 영덕읍 덕곡리 162-1
영등1호,전북 익산시 영등동 765-4
영등2호,전북 익산시 영등동 843-5
영등포1호,서울 영등포구 신길동 232-42
영등포역,서울 영등포구 영등포동3가 21-10
영어교육도시,제주 서귀포시 대정읍 보성리 2476
영월,강원 영월군 영월읍 하송리 178-2
영종하늘도시,인천 중구 중산동 1884-4
영주,경북 영주시 휴천동 642-362
영주대청,부산 중구 대청동4가 82-13
영천1호,경북 영천시 망정동 208-21
영통1호,경기 수원시 영통구 영통동 1005-1
영통2호,경기 수원시 영통구 영통동 952-5
영화,경기 수원시 장안구 영화동 425-3
예산,충남 예산군 예산읍 산성리 709-4
오관,충남 홍성군 홍성읍 대교리 577
오남,경기 남양주시 오남읍 오남리 205-19
오류1호,서울 구로구 오류1동 10-3
오목고색,경기 수원시 권선구 오목천동 314-20
오목교,서울 양천구 신정동 1296 아이파크 상가 1층
오송,충북 청주시 흥덕구 오송읍 호송읍 만수리 521
오전고천,경기 의왕시 오전동 276-1
오창1호,충북 청주시 청원구 오창읍 각리 652-7
오창산업단지,충북 청원군 오창읍 주성리 602
오천,경북 포항시 남구 오천읍 원리 913-2
오치,광주 북구 오치동 785-4
오태북삼,경북 칠곡군 북삼읍 인평리 246-3
오학,경기 여주군 오학동 산45-7
옥계,경북 구미시 옥계동 843-1
옥교,울산 중구 학산동 3-27
옥길,경기 부천시 옥길동 730-3
옥동(안동),경북 안동시 옥동 786-15
옥동(울산),울산 남구 옥동 584-11
옥련,인천 연수구 옥련동 194-4
옥룡,충남 공주시 옥룡동 308-1
옥암,전남 목포시 옥암동 1248-2
옥정,"경기 양주시 옥정동 966-1 (101호, 102호)"
옥포(거제),경남 거제시 옥포동 160-1
옥포(대구),대구 달성군 옥포읍 교항리 2911
온천,충남 아산시 온천동 1310
온천1호,부산 동래구 온천동 210-5번지
온천2호,부산 동래구 온천동 1411-47
올림픽공원,서울 송파구 풍납동 401-4
와우리,경기 화성시 기안동 338-4
완도,전남 완도군 완도읍 군내리 1237-14
완산문외,경북 영천시 문외동 258-6
왕십리1호,서울 성동구 하왕십리동 946-15
왕십리도선,서울 성동구 홍익동 131-1
왕암,충북 제천시 왕암동 798
왜관,경북 칠곡군 왜관읍 왜관리 237-19
외도하귀,제주 제주시 하귀1리 162-4
외동(경주),경북 경주시 입실리 1344-46
외동(김해),경남 김해시 외동 1187-12
용강(경주),경북 경주시 용강동 1619
용강(서울),서울 마포구 대흥동 500-10
용담삼도,제주 제주시 용담이동 628-24
용답,서울 성동구 용답동 60-18
용당서면,전남 순천시 용당동 348-9
용두,서울 동대문구 왕산로28길 55
용두오류,대전 중구 오류동 153-27
용문,서울 용산구 용문동 28-26
용산,대구 달서구 용산1동 954-6
용산새방,대구 달서구 용산동 499-2
용상,경북 안동시 용상동 1179-188
용암1호,충북 청주시 상당구 용암동 2574
용암2호,충북 청주시 상당구 용암동 1780
용운,대전 동구 용운동 306-3
용인1호,경기 용인시 처인구 김량장동 293-24
용인2호,경기 용인시 처인구 마평동 657-14
용인모현,경기도 용인시 처인구 처인구 모현읍 왕산리 794-20
용인서천,경기 용인시 기흥구 농서동 436-3
용지호수,경남 창원시 의창구 용호동 73-50
용해,전남 목포시 연산동 1930-4
용현1호,경기 의정부시 용현동 18-15
용현2동,인천 남구 용현동 558-32
용현5동,인천 남구 용현동 630-45
용호1호,부산 남구 용호동 555-19
용호2호,부산 남구 동명로 126
용호2호,부산 남구 용호동 396-1
용화,충남 아산시 용화동 714
용흥,경북 포항시 북구 용흥동 63-9
우동1호,부산 해운대구 우동 1090-13
우만1호,경기 수원시 팔달구 우만동 481
우면,서울 서초구 우면동 720
우방신세계,부산 동래구 안락동 471-41
우산,강원 원주시 우산동 818
우암동,충북 청주시 상당구 우암동 123-81
우정,울산 중구 우정동 436-41
우정혁신,울산 중구 유곡동 473-8
우현,경북 포항시 북구 우현동 산15-6
운남1호,광주 광산구 월곡2동 683-1
운서,인천 중구 운서동 2913-3
운암1호,광주 북구 운암3동 1051-5
운암2호(광주),광주 북구 운암동 운암동 130-1
운암2호(오산),"경기 오산시 오산동 919-3, 102호"
운양,경기 김포시 운양동 1297-6 승문리앤포레 1차 1층
운정1호,경기 파주시 동패동 1758
운천신봉,충북 청주시 흥덕구 운천동 1366
울대,울산 남구 무거동 623-6
울진,경북 울진군 울진읍 읍내리 576-1
웅동용원,경남 창원시 진해구 용원동 1212-11
웅천,전남 여수시 웅천동 1694-1 104호
웅촌,울산 울주군 청량면 삼정리 755-1 가동 216호
원곡1호,경기 안산시 단원구 원곡동 754-6
원광대,"전북 익산시 신동 764-4 시즈퍼스트 상가112호, 113호"
원당,경기 고양시 덕양구 성사동 519-2
원대노원,대구 북구 노원동3가 892-1
원동,경기 오산시 오산동 881-7
원산,전남 목포시 산정동 1693-3
원성,충남 천안시 동남구 원성2동 518-4
원종도당,경기 부천시 오정구 원종1동 281-15
원주기업도시,강원 원주시 지정면 가곡리 1348-7
원주봉화,강원 원주시 단계동 1173-8
원통,강원 인제군 북면 원통리 645-32
원평,경북 구미시 원평동 84-5
원호,경북 구미시 고아읍 원호리 442-2
원흥,경기 고양시 덕양구 도내동 966
월곶,경기도 시흥시 월곶동 1015-1
월성,대구 달서구 본동 1135-4
월영,경남 창원시 마산합포구 해운동 42-11
월평1호,대전 서구 월평동 525
월피,"경기 안산시 상록구 월피동 442-26, 1층"
위례송파,서울 송파구 장지동 897
유성,대전 유성구 봉명동 621-1
유천,강원 강릉시 홍제동 1019-2
율량,충북 청주 청원구 율량동 2070
율전1호,경기 수원시 장안구 율전동 298-8
율하(김해),경남 김해시 관동동 1106-5
율하(대구),대구 동구 율하동 1311번지 102호
율하2지구,경남 김해시 장유동 834-8
은계,경기 시흥시 은행동 645-5
은평뉴타운,서울 은평구 진관동 22 은평뉴타운상가 914-103호
은행1호(성남),경기 성남시 중원구 은행동 663-3
은행1호(시흥),경기 시흥시 대야동 580-4
음성,충북 음성군 음성읍 읍내리 354-3
음성혁신도시,충북 음성군 맹동면 두성리 1251
읍내(당진),충남 당진시 읍내동 850
읍내(대구),대구 북구 읍내동 1449 202동 103호
읍내(서산),충남 서산시 읍내동 759-13
응봉,서울 성동구 응봉동 100
응암1동,서울 은평구 응암동 236-33
응암오거리,서울 은평구 응암동 595-51
의령,경남 의령군 의령읍 서동리 497-9
의성,경북 의성군 의성읍 후죽리 470-6
의정부역,경기 의정부시 의정부동 140-3 미래프라자 1층
이시아,대구 동구 봉무동 1543
이천1호,경기 이천시 영창로 242
이천관고,경기 이천시 관고동 504-6
이천대봉,대구 남구 이천동 184-9
이천하이닉스,경기 이천시 부발읍 아미리 678-11
이현인사,경남 진주시 인사동 145-5
인계,경기 수원시 팔달구 인계동 1118-12
인덕대,서울 노원구 월계동 951 월계센트럴아이파크 상가동 101호
인덕원,경기 의왕시 포일동 662
인동,경북 구미시 인의동 341-2
인제,강원 인제군 인제읍 인제로 189
인창,경기 구리시 인창동 344-7
인하대역,인천 미추홀구 용현동 665-14
인후,전북 전주시 인후동1가 756-18
일곡1호,광주 북구 일곡동 834-11
일광신도시,부산 기장군 일광면 삼성리 833-4
일도,제주 제주시 일도이동 377-22
일동,경기 안산시 상록구 일동 89-3
일산,강원 원주시 원동 278-7
일원1동,서울 강남구 일원동 645
일원본동,서울 강남구 수서동 747 삼성아파트 상가 104호
임실,전북 임실군 임실읍 이도리 294
임학박촌,인천 계양구 박촌동 52-3
자산교방,경남 창원시 마산합포구 자산동 301-19
자양1호,서울 광진구 자양3동 584-28
자양2호,서울 광진구 자양동 624-42
자양대동,대전 동구 대동 192-1
자은냉천,경남 창원시 진해구 자은동 135-1 (자은빌딩 103호)
작전1호,인천 계양구 작전동 149-1
잠실1호,서울 송파구 잠실동 177-3
잠실2호,서울 송파구 신천동 11-4
잠원1호,서울 서초구 잠원동 15-4
장곡,"경기 시흥시 장곡동 823-5, 동서빌딩"
장기,대구 달서구 장기동 826-6
장기1호,경기 김포시 장기동 1911-4
장락,충북 제천시 장락동 542-7
장림,부산 사하구 장림동 590
장성,경북 포항시 북구 장성동 1355-4
장수,전북 장수군 장수읍 장수리 443-40
장승포,경남 거제시 장승포동 697-2
장안1호,서울 동대문구 전농동 1-171
장안2호,서울 동대문구  장안동 375-3
장암,경기 의정부시 신곡동 362-4
장유1호,경남 김해시 무계동 149-18
장재,충남 아산시 배방읍 장재리 1531
장전1호,부산 금정구 장전동 134-19
장지,서울 송파구 문정동 102-1
장평,경남 거제시 장평동 274
장학,강원 춘천시 동면 장학리 1003-1
장현,경기 시흥시 장현동 516-1
장호원감곡,충북 음성군 감곡면 왕장리 523-8
장흥,전남 장흥군 장흥읍 건산리 736-10
재송1호,부산 해운대구 반여동 1291-1019
재송2호,부산 해운대구 재송동 1083-10
전곡,경기 연천군 전곡읍 전곡리 302-11
전남대,광주 북구 용봉동 157-20
전민,대전 유성구 문지동 635-8
전북대,전북 전주시 덕진구 덕진동1가 1314-201
전포1호,부산 부산진구 전포동 337-20
전하,울산 동구 전하2동 634-4
점촌,경북 문경시 모전동 866
정관1호,부산 기장군 정관읍 매학리 751-1
정관2호,부산 기장군 모전리 747-7
정릉1호,서울 성북구 정릉동 285-11
정릉2호,서울 성북구 정릉동 175-24
정왕1호,경기 시흥시 정왕동 1593-2
정왕2호,경기 시흥시 정왕동 1859-3
정왕3호,경기 시흥시 정왕동 1728-12
정자,경기 성남시 분당구 정자동 17-5
정자1호,경기 수원시 장안구 정자동 41-2
정자2호,"경기 수원시 장안구 천천동 502-6, 1층"
정촌,경남 진주시 정촌면 예하리 1300-14
제주1호,제주 제주시  연동 272-30
조례,전남 순천시 조례1동 1687-16
조선대,광주 동구 지산동 500번지
조양,강원 속초시 조양동 1520-10
조원1호,경기 수원시 장안구 조원동 729-12
조치원1호,세종 조치원읍 죽림리 21-1 삼일아파트 상가 109호
종로1호,서울 종로구 관철동 13-13
종암,서울 성북구 종암동 3-544
좌동1호,부산 해운대구 좌동 970
좌동2호,부산 해운대구 좌동 1341-8
좌동3호,부산 해운대구 좌동 1484-1
주문진,강원 강릉시 주문진읍 교항리 119-11
주안1호,인천 남구 주안동 1523-2
주안2호,인천 미추홀구 도화동 432-2
주안3호,인천 미추홀구 주안동 929-11
주엽,경기 고양시 일산서구 주엽2동 138 애비뉴상가 1층 1068호
주월,광주 남구 월산동 1034-17
주촌,경남 김해시 주촌면 천곡리 1381-14
죽도,경북 포항시 북구 대흥동 592-2
죽림,경남 통영시 광도면 죽림리 1574-57 가동 103호
죽림무선,전남 여수시 소라면 죽림리 1226-3
죽전,경기 용인시 수지구 죽전동 1151
죽정,충남 보령시 죽정동 668-14
중계1호,서울 노원구 중계1동 360-9
중계역,서울 노원구 중계동 503
중곡,경남 거제시 고현동 997
중곡1호,서울 광진구 중곡동 243-1
중곡2호,서울 광진구 중곡동 24-2
중동,대구 수성구 중동 258-3
중동2호,경기 부천시 원미구 중4동 1033-3
중동꿈마을,경기 부천시 원미구 심곡동 93-1
중동유니시티,경남 창원시 의창구 서상동 666-6
중마1호,전남 광양시 마동 1037-4
중마2호,전남 광양시 중동 1654-3
중문,제주 서귀포시 중문동 1965-9
중산,경기 고양시 일산동구 중산동 1667-3
중앙(대구),대구 중구 남일동 33-9
중앙(안산),경기 안산시 단원구 고잔동 540-7
중앙(양산),경남 양산시 중부동 684-6
중앙(영주),경북 영주시 영주2동 536-15
중앙(전주),전북 전주시 완산구 고사동 470-3
중앙(진해),경남 창원시 진해구 여좌동 925-40
중앙(창원 성산),경남 창원시 성산구 중앙동 100-1
중촌목동,대전 중구 중촌동 12-5
중화,서울 중랑구 중화동 304-34
중화산,전북 전주시 완산구 중화산동2가 777-6
증산(서울),서울 은평구 증산동 209-18
증산(양산),경남 양산시 물금읍 가촌리 1269-3
증평,충북 증평군 증평읍 초중리 8-1
증포,경기 이천시 증포동 177-21
지곡,전북 군산시 지곡동 495-1
지내안동,경남 김해시 지내동 67-1
지묘,대구 동구 지묘동 808-3
지사,부산 강서구 지사동 1191-5
지세포,경남 거제시 일운면 지세포리 1009-7
지저불로,대구 동구 지저동 833-15
직산1호,충남 천안시 서북구 직산읍 삼은리 365
진건,경기 남양주시 진건읍 사능리 353-4
진동,경남 창원시 마산합포구 진동면 진동리 436
진량,경북 경산시 진량읍 봉회리 81-3
진부,강원 평창군 진부면 하진부리 152-23
진사리,경기 안성시 공도읍 진사리 20-30
진안,전북 진안군 진안읍 군상리 286-1
진영,경남 김해시 진영읍 진영리 1629-2
진월,광주 남구 진월동 870번지 한국아델리움 2차상가 230동 102호
진장명촌,울산 북구 명촌동 692-3
진접장현리,경기 남양주시 진접읍 장현리 672-1
진접지구,경기 남양주시 진접읍 금곡리 1041-1
진천(대구),대구 달서구 진천동 504
진천(충북),충북 진천군 진천읍 남산8길 10-3
진평,경북 구미시 진평동 29-5
진해신항,경남 창원시 진해구 용원동 1340
차암,충남 천안시 서북구 차암동 514
창3동,서울 도봉구 창동 568-2
창녕,경남 창녕군 창녕읍 송현리 238-1
창동,서울 도봉구 창동 296-37
창동산호,경남 창원시 마산합포구 산호동 338-35
창현,경기 남양주시 화도읍 창현리 731-3
채운,충남 당진시 읍내동 1541
천곡,강원 동해시 천곡동 872
천상,울산 울주군 범서읍 천상리 650-5
천왕역,서울 구로구 오류동 203-1 1층
천호1호,서울 강동구 천호동 571
철산1호,경기 광명시 철산동 210-1
철산2호,경기 광명시 철산동 92-1
철산역,경기 광명시 철산동 429
첨단1호,광주 광산구 산월동 884-2
첨단2호,광주 광산구 쌍암동 655-4번지
첨단신용,광주 북구 신용동 693
첨단중앙,광주 광산구 쌍암동 694-60
청담역,서울 강남구 청담동 65 진흥아파트상가
청도,경북 청도군 청도읍 고수리 503
청라호수공원,인천 서구 청라동 152-15
청량리역,서울 동대문구 청량리동 50-3
청북,경기 평택시 청북읍 옥길리 1158-3
청수,충남 천안시 동남구 청당동 513
청운,강원 동해시 쇄운동 84-5
청전,충북 제천시 의림동 7-26
청주사천,충북 청주시 율량동 1565
청주옥산,충북 청원군 옥산면 가락리 산 68-8
청천,인천 부평구 청천동 14-8
청평,경기 가평군 청평면 청평리 452-5
청학,부산 영도구  청학동 13-14
초량,부산 동구 초량동 132-1
초월,경기 광주시 초월읍 경충대로 1255
초읍대공원,부산 부산진구 초읍동 288-6
초장,경남 진주시 초전동 1704-7
초지신도시,경기 안산시 초지동 726-4
초지역,경기 안산시 단원구 초지동 592
춘천교대,강원 춘천시 동내면 거두리 912-4
춘천시청,강원 춘천시 소양로 3가 181-9
충북옥천,충북 옥천군 옥천읍 장야리 289
충효,경북 경주시 충효동 3002-1
취암,충남 논산시 내동 628
칠성고성,대구 북구 칠성동2가 42-9
칠암망경,경남 진주시 칠암동 491-47
칠원,경남 함안군 칠원읍 구성리 650-4
침산,대구 북구 침산동 457-31
킨텍스,경기 고양시 일산서구 대화동 2606
탄방,대전 서구 탄방동 1007
탄현,경기 고양시 일산서구 탄현동 1562-5
탑동(수원),경기 수원시 권선구 서둔동 240-5
탑동(제주),제주 제주시 삼도이동 1192-22
탕정지중해,충남 아산시 명암리 943-1
태백1호,강원 태백시 상장동 87-36
태안,충남 태안군 태안읍 동문리 319-7
태장,강원 원주시 태장동 북원로 2716-1
태전(경기광주),경기 광주시 태전동 261-14
태전(대구),대구 북구 태전동 254-30
태평,경남 창원시 진해구 수송동 12-14
태평1동,경기 성남시 수정구 태평동 6147-2
태평1호,대전 중구 유천동 326-13
태화,울산 중구 태화동 117-2
테크노폴리스,대구 달성군 유가면 봉리 606 하이젠스타 115호
토평,경기 구리시 토평동 999-2
통도사,경남 양산시 하북면 순지리 814-5
통진1호,경기 김포시 통진읍 서암리 758-79
퇴계1호,강원 퇴계동 891-1
퇴계2호,강원 춘천시 퇴계동 87
퇴계원,경기 남양주시 퇴계원면 퇴계원리 290-14
파동,대구 수성구 상동 380-2
파장,경기 수원시 장안구 송죽동 216-1
판문평거,경남 진주시 평거동 344-6
팔달매천,대구 북구 매천동 682
팔마,전남 순천시 연향동 1681-3   1층
팔용,경남 창원시 의창구 팔용동 170-9
팽성1호,경기 평택시 팽성읍 안정리 20-31
평내,경기 남양주시 평내동 582-5
평리,대구 서구 평리동 1217-2
평산,경남 양산시 평산동 105-4
평창,서울 종로구 평창동 158-1
평촌1호,경기 안양시 동안구 평촌동 917-9
평촌3호,경기 안양시 동안구 비산동 1059 층 A동 103호
평화1호,전북 전주시 완산구 평화동2가 226
포남,강원 강릉시 포남동 1157-8
포승1호,경기 평택시 도곡리 1142-16
포일내손,경기 의왕시 내손동 669-4
포천,경기 포천시 신읍동 47-10
표선,제주 서귀포시 표선리 633-3
풍기,경북 영주시 풍기읍 성내리 2-4
풍동,경기 고양시 일산동구 풍동 1273-5
풍무,경기 김포시 풍무동 191-2
풍산지구,경기 하남시 덕풍동 809
풍암1호,광주 서구 풍암동 1111-2
풍호,경남 창원시 진해구 풍호동 305-17
하가덕진,전북 전주시 덕진구 덕진동2가 670-1
하계1호,서울 노원구 하계1동 251 청구상가 201동 101호
하남1호,광주 광산구 산정동 977-13
하남2지구,광주 광산구 산정동 1039
하남감일,경기 하남시 감이동 525-3
하단1호,부산 사하구 하단2동 506-15
하단2호,부산 사하구 하단동 605-42
하당,전남 목포시 상동 1116-8번지
하대초전,경남 진주시 하대동 306-38
하동,경남 하동군 하동읍 읍내리 238
하복대,충북 청주시 흥덕구 복대동 2960
하안1호,"경기 광명시 하안동 35-5, 영보빌딩 102호"
하양,경북 경산시 하양읍 금락리 130-18
하조대,강원 양양군 현북면 하광정리 361-7
학동,광주 동구 학동 735-16
학익1호,인천 남구 학익동 293-37
학장,부산 사상구 학장동 산149-16
학정,대구 북구 학정동 282-14
한남,서울 용산구 한남동 828
한남대,대전 대덕구 한남로 오정동 223-260
한라대,제주 제주시 노형동 716
한림협재,제주 제주시 한림읍 한림리 1582-8
한밭대,대전 유성구 덕명동 592-6
한성대,서울 성북구 동소문동3가 31
한솔,세종 한솔동 927
한양대,서울 성동구 행당동 3-29
함덕,제주 제주시 조천읍 함덕리 1004-41
함안,경남 함안군 가야읍 말산리 58-27
함양,경남 함양군 함양읍 용평리 773-1
함열,전북 익산시 함열읍 와리 610-3
함평,전남 함평군 함평읍 기각리 1000-8
합덕,충남 당진시 합덕읍 운산리 266-2
합성,경남 창원시 마산회원구 합성동 263-36
합천,경남 합천군 합천읍 합천리 320-3
해남,전남 해남군 해남읍 구교리 304-3
해운대역,부산 해운대구 우동 639-4
행신1호,경기 고양시 덕양구 행신동 995-2
행신역,경기 고양시 덕양구 행신동 708-3
향남2지구,경기 화성시 향남읍 하길리 1466
향동지구,경기 고양시 덕양구 향동동 460-6
헬리오시티,"서울 송파구 가락동 479 헬리오시티상가 A동 3,4호"
혁신(경남 진주),경남 진주시 진주시 충무공동 282-3
혁신(원주),강원 원주시 반곡동 1880-7
혁신(전북),전북 완주군 이서면 갈산리 664-10
현리,경기 가평군 하면 현리 259-7
형곡,경북 구미시 형곡동 152-4
호계,경남 창원시 마산회원구 내서읍 호계리 289-45
호계1호(안양),경기 안양시 동안구 호계2동 927-2
호계1호(울산),울산 북구 호계동 286-15
호계2호,울산 북구 신천동 107-4
호계3호,경기 군포시 당정동 2-3
호매실,경기 수원시 권선구 금곡동 1137-3
호산파호,대구 달서구 호산동 357-116
호성,전북 전주시 덕진구 호성동1가 757-26
호수,경기 고양시 일산동구 백석동 1414-15
호원1호,경기 의정부시 호원동 466-15
호평,경기 남양주시 호평동 656-1
홍대,서울 마포구 서교동 371-3
홍은1호,서울 서대문구 홍제동 279-52
홍은사거리,서울 서대문구 홍제동 326-20
홍천,강원 홍천군 홍천읍 신장대리 8-9
화곡1호,서울 양천구 신월동 23-17
화곡2호,서울 강서구 화곡동 400-45
화곡본동,서울 화곡동 24-251
화명1호,부산 북구 화명동 749
화명3호,부산 북구 화명동 182-5(2층)
화명신도시,부산 북구 화명동 2266-1
화봉,울산 북구 연암동 414-3
화산안녕,경기 화성시 송산동 158-8
화서1호,"경기 수원시 팔달구 화서동 703 꽃뫼양지마을(대우아파트) 상가 105, 106호"
화서2호,경기 수원시 팔달구 화서동 185-3
화순,전남 화순군 화순읍 일심리 755
화원,대구 달성군 화원읍 천내리 241-1
화정,울산 동구 일산동 581-36
화정1호(고양),경기 고양시 덕양구 화정동 906-5 1층 102호
화정1호(광주),광주 서구 화정동 824-16
화정2호,"광주 서구 농성동 666-1 1층 113,114호"
화정역,경기 고양시 덕양구 화정동 979-2
화천,강원 화천군 화천읍 하리 44-46
환호장량,경북 포항시 북구 장성동 1378-3
황금,대구 수성구 황금동 843-1
황성,경북 경주시 황성동 893-3
회룡역,경기 의정부시 호원동 426
회원,경남 창원시 마산회원구 회원2동 669-4
횡성,강원 횡성군 횡성읍 읍하리 107-48
효곡,경북 포항시 남구 효자동 579-1 풍림아이원상가 107호
효성1호,"인천 계양구 효성1동 21-11 현대아파트 상가동 101호, 102호, 103호"
효성2호,인천 계양구 효성2동 273-3
효자(전주),전북 전주시 완산구 효자동1가 652
효자(춘천),강원 춘천시 효자동 545-3
효천,전북 전주시 완산구 삼천동2가 759-1
후암,서울 용산구 후암동 244-59
후평1호,강원 춘천시 후평동 836-1
후평사거리,강원 춘천시 후평1동 693-4
휘닉스봉평,강원 평창군 봉평면 무이리 709
흑석1호,서울 동작구 흑석동 180-6
흥덕,경기 용인시 기흥구 영덕동 994-3
흥업,강원 원주시 흥업면 흥업리 585-8
흥해,경북 포항시 북구 흥해읍 옥성리 403-7
