storename,address
신당역점,서울 중구 퇴계로86길 6 (신당동) 
부산거제점,부산 연제구 거제천로87번길 35 (거제동) 
부산초량점,부산 동구 고관로29번길 33 (초량동) 1층
대전문화점,"대전 중구 계백로1716번길 87 (문화동, 센트럴파크3단지아파트) 상가 102"
대전만년점,대전 서구 만년남로 7 (만년동) 
대전중리점,대전 대덕구 홍도로 109 (중리동) 
대전태평점,대전 중구 평촌로 90 (유천동) 
대전갈마점,"대전 서구 갈마중로16번길 7 (갈마동, 한국도로공사 조합아파트) 아파트상가 106호"
대전테크노밸리점,"대전 유성구 배울2로 78 (관평동, 대덕테크노밸리6단지아파트) 상가107호"
대전관저점,대전 서구 관저로 80 (관저동) 
대전낭월점,대전 동구 산내로 1309 (낭월동) 
대전복수점,대전 서구 복수남로 31 (복수동) 
대전가장점,"대전 서구 가장로 106 (가장동, 삼성 래미안아파트) 나르매 A.P.T 달리상가 106호"
대전신성점,대전 유성구 신성남로 31-1 (신성동) 102호
대전둔산3동점,대전 서구 문정로170번길 199 (둔산동) 1층
대전우송대점,대전 동구 동대전로 126-2 (대동) 
대전노은역점,대전 유성구 노은로 144 (지족동) 
대전관저원앙점,대전 서구 관저북로51번길 8-20 (관저동) 102호
대구감삼점,대구 달서구 장기로 176 (감삼동) 
대구대곡역점,대구 달성군 화원읍 비슬로543길 27 
대구대곡역점,대구 달성군 화원읍 비슬로543길 27 
대구불로점,대구 동구 팔공로 149 (불로동) 엠타워 1층
대구범어역점,대구 수성구 동대구로59길 14-8 (범어동) 
대구상인점,"대구 달서구 상인서로 85 (상인동, 상인동방현대아파트) "
대구사월역점,대구 수성구 달구벌대로 3294 (신매동) 시지퍼스트111호
대구용산점,대구 달서구 용산로 230 (용산동) 
대구월성점,대구 달서구 월성로 42 (월성동) 
대구침산점,대구 북구 침산남로 96 (침산동) 포브스 109호
대구테크노점,대구 달성군 유가읍 테크노상업로 82 해피타워 207호
광주경신여고사거리점,광주 북구 서암대로 43 (운암동) 
광주광천점,"광주 서구 화운로 278 (광천동, 광천 e편한세상) 133-103"
광주금호점,광주 서구 풍금로151번길 17 (금호동) 
광주내방점,광주 서구 내방로306번길 12 (내방동) 
광주동림점,"광주 서구 하남대로710번길 3 (동천동) 104(동천동,상가동1층)"
광주두암2동점,광주 북구 삼정로 111 (두암동) 
광주문흥점,광주 북구 문산로 42 (문흥동) 
광주백운점,광주 남구 백운로 70 (백운동) 
광주봉선시장점,"광주 남구 봉선중앙로 93 (봉선동, 라인광장아파트) "
광주봉선점,광주 남구 봉선중앙로 28 (봉선동) 
광주버들점,광주 서구 상무버들로 34 (유촌동) 
광주상무점,광주 서구 치평로 18 (치평동) 
광주선운점,광주 광산구 선운로 10-1 (선암동) 
광주송정점,광주 광산구 송정로 61 (송정동) 
광주수완점,광주 광산구 장신로 140 (수완동) 
광주수완중흥점,광주 광산구 수등로76번길 39-16 (신가동) 
광주신창점,광주 광산구 신창로 74 (신창동) 
광주양산점,광주 북구 양산로 40 (양산동) 
광주연제점,"광주 북구 양일로 55 (연제동, 현대아파트) "
광주염주점,광주 서구 염화로 71 (화정동) 
광주오치점,광주 북구 서하로 203 (오치동) 
광주우산점,광주 북구 면앙로 46 (문흥동) 
광주운남점,광주 광산구 목련로153번길 79 (운남동) 
광주운암점,광주 북구 북문대로 89 (운암동) 101-110
광주월계점,"광주 광산구 임방울대로 727-5 (월계동, 첨단과학산업기지 라인3차아파트) "
광주일곡점,광주 북구 일곡마을로 23 (일곡동) 
광주전대상대점,광주 북구 반룡로 25 (용봉동) 
광주전대정문점,광주 북구 자미로 64 (신안동) 
광주조선대점,광주 동구 장동로 54 (동명동) 
광주진월점,광주 남구 광복마을길 49 (진월동) 
광주첨단2지구점,광주 북구 첨단연신로107번길 16 (신용동) 
광주첨단점,광주 광산구 월계로 154 (월계동) 
광주풍암점,광주 서구 풍암중앙로 49 (풍암동) 
광주하남2지구점,광주 광산구 손재로110번길 36 (산정동) 
광주하남점,광주 광산구 사암로215번길 27 (우산동) 
광주효천2지구점,광주 남구 효우2로26번길 6 (행암동) 
광주장덕점,광주 광산구 장덕로 46-2 (장덕동) 
광주화정힐스테이트점,광주 서구 화정로244번길 29-2 (화정동) 
울산남목3동점,울산 동구 동해안로 19 (서부동) 
울산달천점,"울산 북구 달천로 50 (달천동, 달천아이파크1차) "
울산매곡점,울산 북구 매산로 29 (매곡동) 
울산무거점,울산 남구 신복로21번길 18 (무거동) 
울산반구홈플러스점,울산 중구 번영로 478 (반구동) 
울산삼산점,울산 남구 삼산중로 114 (삼산동) 
울산언양점,울산 울주군 언양읍 헌양길 42 
울산옥동점,울산 남구 거마로 7-1 (옥동) 
울산유곡점,울산 중구 종가4길 9 (유곡동) 
울산전하점,"울산 동구 봉수로 250 (전하동, 울산전하푸르지오) "
울산태화점,울산 중구 태화로 183 (태화동) 
울산호계점,울산 북구 동대5길 47 (호계동) 
울산남외점,울산 중구 남외3길 7 (남외동) 
울산화봉점,"울산 북구 화동로 11 (화봉동, 화봉 쌍용예가) "
부산구포3동점,"부산 북구 시랑로 94 (구포동, 한창데파트) "
부산가야점,부산 부산진구 엄광로 264 (가야동) 
부산광안점,부산 수영구 광일로 23 (광안동) 
부산남천역점,부산 수영구 수영로 396 (남천동) 
부산남항점,부산 영도구 남항로 38 (남항동2가) 
부산당리점,부산 사하구 제석로65번길 2 (당리동) 
부산대연점,부산 남구 진남로 17-26 (대연동) 
부산동대신점,부산 서구 구덕로 327 (서대신동3가) 
부산동서대점,부산 사상구 가야대로366번길 54 (주례동) 
부산동서대점,부산 사상구 가야대로366번길 54 (주례동) 
부산동아대점,부산 사하구 낙동대로 524 (하단동) 
부산두실점,부산 금정구 중앙대로1945번길 30 (구서동) 
부산마린시티점,"부산 해운대구 마린시티3로 1 (우동, 선프라자) "
부산망미주공점,부산 연제구 과정로 103 (연산동) 
부산반송점,"부산 해운대구 신반송로 194 (반송동, 광하아파트) "
부산반여1동점,부산 해운대구 선수촌로 83 (반여동) 
부산부경대점,부산 남구 수영로266번길 61 (대연동) 
부산부곡3동점,"부산 금정구 수림로 12 (부곡동, 에스케이아파트) "
부산사직점,부산 동래구 사직로70번길 76 (사직동) 
부산서동점,부산 금정구 서부로 12 (서동) 
부산신만덕점,부산 북구 만덕3로 60 (만덕동) 
부산안락점,부산 동래구 안락로 131-1 (안락동) 
부산명륜점,부산 동래구 시실로 23 (명륜동) 
부산여대점,부산 부산진구 진남로 497-1 (양정동) 
부산용호점,부산 남구 동명로145번길 1 (용호동) 
부산배산역점,부산 수영구 연수로263번길 3 (망미동) 
부산장전1동점,"부산 금정구 수림로61번길 44 (장전동, 수림타워) "
부산재송점,"부산 해운대구 재반로 182 (재송동, 비둘기맨션) "
부산정관용수점,부산 기장군 정관읍 정관로 499 
부산좌4동점,부산 해운대구 좌동순환로 175 (좌동) 
부산학장점,"부산 사상구 대동로 98 (학장동, 학장반도보라타운) "
부산화명점,부산 북구 금곡대로303번길 62 (화명동) 
부산기장점,부산 기장군 기장읍 차성동로 111 
부산일광신도시점,부산 기장군 일광면 해빛2로 21 (e편한세상 일광) 
당진신평점,충남 당진시 신평면 거산3거리길 11 
당진원당점,"충남 당진시 밤절로 104 (원당동, 그린빌아파트) "
당진읍내점,충남 당진시 당진중앙1로 174 (읍내동) 
서산대산점,충남 서산시 대산읍 구진로 7 
서산석림점,충남 서산시 동서1로 35 (석림동) 
서산중앙점,충남 서산시 중앙로 35-1 (동문동) 
서산해미점,충남 서산시 해미면 남문5로 3 
서산성연점,충남 서산시 성연면 성연3로 57-30 (고운라피네 서산테크노밸리) 
서산지곡점,충남 서산시 지곡면 무장길 453-4 
아산둔포점,충남 아산시 둔포면 둔포중앙로109번길 4 
아산모산점,충남 아산시 배방읍 배방로 53 
아산모종점,충남 아산시 문화로 351 (모종동) 
아산용화점,충남 아산시 온중로 57 (용화동) 
아산신창점,충남 아산시 신창면 행목로 218 
아산신도시점,충남 아산시 배방읍 용연로 95 
아산온양온천역점,충남 아산시 온천대로 1497 (온천동) 
아산탕정점,충남 아산시 탕정면 탕정면로 37 (탕정삼성트라팰리스아파트) 
아산음봉포스코점,충남 아산시 음봉면 음봉로 515-37 (더샵 레이크시티3차 아파트) 
아산테크노밸리점,충남 아산시 둔포면 아산밸리중앙로 58-5 (아산테크노밸리이지더원2단지아파트) 
천안두정점,충남 천안시 서북구 서부대로 766 (두정동) 
천안신계리점,충남 천안시 동남구 목천읍 목천안터2길 10 
천안백석점,충남 천안시 서북구 백석3로 134 (백석동) 
천안봉명점,충남 천안시 서북구 봉명로 24 (쌍용동) 
천안불당점,충남 천안시 서북구 불당17길 27 (불당동) 
천안새샘초교점,충남 천안시 동남구 통정9로 76 (신방동) 
천안성거점,충남 천안시 서북구 성거읍 성거길 90 
천안성정점,충남 천안시 서북구 쌍용대로 296 (성정동) 
천안성환점,충남 천안시 서북구 성환읍 성환2로 105 
천안신부점,충남 천안시 동남구 터미널9길 34 (신부동) 
천안쌍용점,충남 천안시 서북구 월봉로 132 (쌍용동) 
천안안서점,충남 천안시 동남구 각원사길 42 (안서동) 
천안원성점,충남 천안시 동남구 충절로 177 (원성동) 
천안직산점,충남 천안시 서북구 직산읍 삼은3길 25 
천안청수점,충남 천안시 동남구 청수로 140 (구성동) 
천안신방점,충남 천안시 동남구 서부대로 257-3 (신방동) 
천안삼성점,충남 천안시 동남구 목천읍 삼성5길 3 
홍성상설시장점,충남 홍성군 홍성읍 아문길29번길 66-16 
홍성광천점,충남 홍성군 광천읍 홍남로 684-17 
충남안면도점,충남 태안군 안면읍 장터로 107 
충남태안점,충남 태안군 태안읍 중앙로 110-1 
충남예산점,충남 예산군 예산읍 아리랑로 16-1 
충남예산삽교점,충남 예산군 삽교읍 삽교로 87-1 
당진합덕점,충남 당진시 합덕읍 중동길 48-2 
공주신관점,충남 공주시 공주대학로 93 (신관동) 
공주중동점,충남 공주시 웅진로 146 (중동) 
공주유구점,충남 공주시 유구읍 중앙1길 62 
충남논산점,충남 논산시 중앙로 401 (취암동) 
충남논산연무점,충남 논산시 연무읍 안심로 127 
충남대천점,충남 보령시 중앙로 81 (대천동) 
충남금산점,충남 금산군 금산읍 인삼로 67 (엔이시티) 
충남계룡점,충남 계룡시 서금암로 7 (금암동) 
충남계룡신도안점,충남 계룡시 신도안면 신도안1길 43 
충남서천점,충남 서천군 서천읍 군청로 21 
충남청양점,충남 청양군 청양읍 중앙로 130 
충남부여점,충남 부여군 부여읍 석탑로 68 
조치원신흥점,세종특별자치시 조치원읍 대첩로 19-1 
청주봉명점,충북 청주시 흥덕구 백봉로 227 (봉명동) 
청주운천점,충북 청주시 흥덕구 사운로 248 (운천동) 
청주수곡점,충북 청주시 서원구 구룡산로 264 (수곡동) 
청주용암중흥점,충북 청주시 상당구 중흥로 189 (용암동) 
청주사직점,충북 청주시 서원구 창직로35번길 6 (사창동) 
청주용암점,"충북 청주시 상당구 용암로 3 (용암동, 덕성그린타운) "
청주복대점,충북 청주시 흥덕구 증안로 24 (복대동) 
청주가경점,충북 청주시 흥덕구 서경로28번길 13 (가경동) 
청주사천점,충북 청주시 청원구 율봉로 51 (사천동) 
청주산남점,충북 청주시 서원구 두꺼비로 82 (산남동) 
청주금천점,충북 청주시 상당구 수영로 315 (용담동) 
청주분평점,충북 청주시 서원구 월평로 28 (분평동) 
청주주성점,충북 청주시 청원구 율량로 160 (율량동) 
충북보은점,충북 보은군 보은읍 삼산로 4 
청주오창점,충북 청주시 청원구 오창읍 오창중앙로 29 
충북광혜원점,충북 진천군 광혜원면 장기길 106 
충북금왕점,충북 음성군 금왕읍 무극로 255 
충북옥천점,충북 옥천군 옥천읍 중앙로6길 5 
충북음성점,충북 음성군 음성읍 수정로 34 
충북혁신도시점,충북 음성군 맹동면 원중로 1430 
충북대소점,충북 음성군 대소면 오태로 142 
충북괴산점,충북 괴산군 괴산읍 읍내로2길 54-1 
충북영동점,충북 영동군 영동읍 영동천2길 1 
청주옥산점,충북 청주시 흥덕구 옥산면 청주역로 651 
충북증평점,충북 증평군 증평읍 중앙로 230 
충북진천점,충북 진천군 진천읍 중앙동로 85-1 
충주연수점,충북 충주시 번영대로 138 (연수동) 
충주용산점,충북 충주시 형설로 75-1 (용산동) 
충주호암점,충북 충주시 호암수청1로 51 (호암동) 
제천청전사거리점,충북 제천시 청전대로 177 (청전동) 
제천신백점,충북 제천시 관전로 43 (신백동) 
경남거창점,경남 거창군 거창읍 중앙로 154 
경남산청점,경남 산청군 산청읍 웅석봉로154번길 31 
통영봉평점,경남 통영시 도남로 88-1 (봉평동) 
양산평산점,경남 양산시 평산로 30 (평산동) 
양산웅상점,경남 양산시 삼호로 81 (삼호동) 
양산남부점,경남 양산시 양주로 38 (남부동) 
양산북정점,경남 양산시 북정로 63 (북정동) 
진주호탄점,경남 진주시 가호로 33 (호탄동) 
진주초전점,경남 진주시 초장로14번길 4-18 (초전동) 
진주퀸즈웰가점,"경남 진주시 새평거로 25 (평거동, 더 퀸즈웰가) "
진주금산점,경남 진주시 금산면 중천로 79 
진주혁신점,경남 진주시 사들로 79 (충무공동) 
경남하동점,경남 하동군 하동읍 중앙로 53 
경남함양점,경남 함양군 함양읍 함양로 1134 
경남사천읍점,경남 사천시 사천읍 읍내1길 68 
진해석동점,경남 창원시 진해구 석동로 71 (석동) 
김해구산점,경남 김해시 가락로 291 (구산동) 
경남합천읍점,경남 합천군 합천읍 동서로 76 
김해내외점,경남 김해시 함박로101번길 6 (외동) 
김해부원점,경남 김해시 김해대로2355번길 29 (부원동) 
김해삼계점,경남 김해시 해반천로168번길 19 (삼계동) 
김해삼방점,경남 김해시 삼안로 255 (삼방동) 
김해진영읍점,경남 김해시 진영읍 진영로 205 
김해율하점,경남 김해시 율하2로97번길 18 (율하동) 
마산서중점,경남 창원시 마산합포구 월영남로 2-1 (해운동) 
김해장유삼문점,경남 김해시 능동로167번길 1 (부곡동) 
경남창년읍점,경남 창녕군 창녕읍 종로 34-1 
경남고성읍점,경남 고성군 고성읍 중앙로43번길 79 
경북성주점,경북 성주군 성주읍 시장길 3-7 
경북영천점,"경북 영천시 시청동길 8 (문외동, 영진궁전빌라) "
경북경산사동점,경북 경산시 원효로 160 (사동) 
포항양덕점,"경북 포항시 북구 장량중앙로 40 (양덕동, 양덕 삼구트리니엔2차) "
경북상주점,경북 상주시 상산로 292 (서성동) 
김천평화점,경북 김천시 김천로 79 (평화동) 
김천아포점,경북 김천시 아포읍 한지1길 56 
김천혁신점,경북 김천시 용전1로 56 (율곡동) 
문경점촌점,경북 문경시 호서로 10 (점촌동) 
경북안동1호점,경북 안동시 경북대로 418 (옥동) 
진주혁신점,경남 진주시 사들로 79 (충무공동) 1층
구미도량점,경북 구미시 도봉로 76-47 (도량동) 
구미상모초교점,경북 구미시 상사동로 58 (임은동) 
구미형곡점,경북 구미시 형곡로28길 4 (형곡동) 
경북전문대점,경북 영주시 대학로 80-2 (가흥동) 
구미신비로점,경북 구미시 신비로 95 (공단동) 
광양광영점,전남 광양시 금영로 132-1 (광영동) 
광양마동점,전남 광양시 진등5길 14 (마동) 
광양읍점,전남 광양시 광양읍 매천로 834 
광양중동점,"전남 광양시 공영로 39 (중동, 광양중마호반리젠시빌아파트) "
목포산정점,전남 목포시 원산중앙로 6 (산정동) 
목포연동점,전남 목포시 산정로 66 (산정동) 
하당우성점,전남 목포시 신흥로 15 (상동) 
순천금당점,전남 순천시 대석길 42 (연향동) 
순천신대점,전남 순천시 해룡면 신대로 97 (중흥에스-클래스5단지) 
순천연향점,"전남 순천시 연향1로 55 (연향동, 부영1차아파트) "
순천오천점,전남 순천시 오천6길 24 (오천동) 
순천왕지점,전남 순천시 백연길 104 (조례동) 
순천조례점,전남 순천시 봉화2길 93 (조례동) 
순천중앙점,전남 순천시 중앙로 126 (중앙동) 
순천용당점,전남 순천시 삼산로 93 (용당동) 
순천서면배들점,전남 순천시 서면 배들이길 32 
여수교동점,전남 여수시 통제영2길 7 (교동) 
여수국동점,"전남 여수시 신월로 655 (국동, 서희스타힐스) "
여수무선점,전남 여수시 무선중앙로 65 (선원동) 
여수미평점,전남 여수시 대학로 23-1 (미평동) 
여수신기점,전남 여수시 흥국로 103 (신기동) 
여수여문점,전남 여수시 문수로 49 (문수동) 
여수학동점,전남 여수시 무선로 28 (학동) 
여수죽림점,전남 여수시 소라면 죽림로 31 
전남고흥점,전남 고흥군 고흥읍 고흥로 1789 
나주빛가람점,전남 나주시 그린로 195 (빛가람동) 
전남나주점,전남 나주시 중앙로 41 (중앙동) 
나주남평점,전남 나주시 남평읍 강변2길 22 
전남무안점,전남 무안군 무안읍 불무로 25 
전남벌교점,전남 보성군 벌교읍 채동선로 237-2 
전남영광점,전남 영광군 영광읍 중앙로 171 
전남해남점,전남 해남군 해남읍 중앙1로 163-1 
전남화순점,전남 화순군 화순읍 중앙로 89 
전남고흥녹동점,전남 고흥군 도양읍 천마로 86 
군산대점,전북 군산시 황룡2길 8 (미룡동) 
군산나운점,전북 군산시 하나운로 23 (나운동) 
군산명산사거리점,전북 군산시 대학로 60-1 (명산동) 
군산수송점,전북 군산시 수송동로 79 (수송동) 
전북김제점,전북 김제시 동서로 188 (요촌동) 
남원하정점,전북 남원시 광한북로 47 (하정동) 
완주봉동터미널점,전북 완주군 봉동읍 봉동로 166 
완주봉동터미널 읍내점,전북 완주군 봉동읍 봉동로 166 
완주봉동점,전북 완주군 봉동읍 완주산단9로 28 
익산동부시장점,전북 익산시 선화로 328 (마동) 
익산동산점,전북 익산시 평동로 726 (동산동) 
익산모현점,전북 익산시 고현로 98 (모현동1가) 
익산부송점,전북 익산시 부송1로 81 (부송동) 
익산영등점,전북 익산시 고봉로30길 14 (영등동) 
익산원대점,전북 익산시 무왕로 856 (신동) 
전북고창점,전북 고창군 고창읍 중앙로 230 
전북부안점,전북 부안군 부안읍 번영로 169 
전북임실점,전북 임실군 임실읍 운수로 25 
전주덕진구청점,전북 전주시 덕진구 태진로 120 (진북동) 
전주동산점,전북 전주시 덕진구 편운로 29 (여의동2가) 
전주삼익점,전북 전주시 완산구 거마남로 84 (삼천동1가) 
전주삼천점,"전북 전주시 완산구 삼천천변1길 45 (삼천동1가, 흥건2차아파트) "
전주서곡점,전북 전주시 완산구 세내로 558 (효자동3가) 
전주서부시장점,전북 전주시 완산구 용머리로 157 (효자동1가) 
전주서신점,전북 전주시 완산구 당산로 39 (서신동) 
전주송천대명점,전북 전주시 덕진구 시천로 50 (송천동1가) 
전주송천점,전북 전주시 덕진구 붓내3길 19 (송천동2가) 
전주아중점,전북 전주시 덕진구 무삼지로 21 (인후동1가) 
전주전북대점,전북 전주시 덕진구 백제대로 639 (금암동) 
전주중화산점,전북 전주시 완산구 유연로 282 (중화산동2가) 
전주평화점,전북 전주시 완산구 평화로 136 (평화동2가) 
전주하가지구점,전북 전주시 덕진구 가련산로 17 (덕진동2가) 
전주혁신점,전북 전주시 덕진구 안전로 197 (장동) 
전주호성점,전북 전주시 덕진구 호성1길 12 (우아동3가) 
전주효자점,전북 전주시 완산구 거마평로 204-1 (효자동1가) 
전주휴먼시아점,전북 전주시 완산구 호암로 19 (효자동2가) 
정읍상동점,전북 정읍시 충정로 75 (상동) 
정읍수성점,전북 정읍시 샘골로 116 (수성동) 
화곡본동시장점,서울 강서구 까치산로 45 (화곡동) 
가양대교점,서울 강서구 화곡로68길 36 (등촌동) 
마곡역점,"서울 강서구 공항대로 140 (마곡동, 마곡엠밸리12단지) "
등촌점,서울 강서구 공항대로41길 50 (등촌동) 
염창점,서울 강서구 양천로 696 (염창동) 
곰달래점,서울 강서구 곰달래로 165 (화곡동) 
방화역점,서울 강서구 금낭화로 128 (방화동) 
가양점,서울 강서구 강서로 506 (가양동) 
개화산역점,서울 강서구 양천로 28 (방화동) 
내발산점,서울 강서구 강서로 306 (내발산동) 
공항시장역점,서울 강서구 공항대로3길 38 (공항동) 
신방화역점,"서울 강서구 마곡서1로 100 (마곡동, 마곡엠밸리6단지) "
목사거리점,서울 강서구 곰달래로 271 (화곡동) 
신정점,"서울 양천구 목동남로4길 6-23 (신정동, 목동2차우성아파트) "
목동1점,서울 양천구 목동중앙로 89 (목동) 
신정역점,서울 양천구 오목로 194 (신정동) 
목2동점,"서울 양천구 목동중앙본로 113 (목동, 효명) "
신월2동점,서울 양천구 오목로 77 (신월동) 
서남병원점,"서울 양천구 신정이펜1로 50 (신정동, 신정이펜하우스3단지) "
신월7동점,서울 양천구 지양로 75 (신월동) 
목3동점,서울 양천구 등촌로 172 (목동) 
신월1점,서울 양천구 화곡로 84 (신월동) 
구로5동점,"서울 구로구 공원로 35 (구로동, 새솔금호아파트) "
신도림점,서울 구로구 경인로65길 44 (신도림동) 
고척점,서울 구로구 고척로 123-2 (개봉동) 
동양미래대학점,서울 구로구 경인로47길 31 (고척동) 
개봉한진점,서울 구로구 개봉로3길 56 (개봉동) 
구로1점,서울 구로구 도림로 65 (구로동) 
오류2동점,서울 구로구 오류로 60 (오류동) 
구일점,"서울 구로구 구일로4길 46 (구로동, 현대연예인아파트) "
천왕점,서울 구로구 천왕로 42 (천왕동) 
대림우성점,서울 영등포구 대림로 154 (대림동) 
선유도역점,서울 영등포구 양평로 112 (양평동4가) 
당산점,서울 영등포구 당산로44길 3 (당산동5가) 
양평점,서울 영등포구 선유서로 67 (양평동2가) 
영등포구남부역점,서울 영등포구 영신로19길 16 (영등포동) 
신대방점,"서울 영등포구 여의대방로 25 (신길동, 보라매 경남아너스빌) "
신길점,서울 영등포구 영등포로 365 (신길동) 
신풍역점,서울 영등포구 신풍로12길 2 (신길동) 
영등포구청역점,서울 영등포구 당산로 108 (당산동3가) 
도림점,서울 영등포구 대림로 247 (대림동) 
여의도점,서울 영등포구 국제금융로7길 22 (여의도동) 
독산홈플러스점,서울 금천구 시흥대로 406 (독산동) 
시흥사거리점,서울 금천구 금하로 630 (시흥동) 
시흥4동점,서울 금천구 독산로 170 (시흥동) 
구로전화국점,서울 금천구 독산로 353 (독산동) 
시흥벽산점,서울 금천구 금하로 757 (시흥동) 
신대방삼거리역점,서울 동작구 보라매로 93 (신대방동) 
남성역점,서울 동작구 사당로 226 (사당동) 
동작구청점,서울 동작구 장승배기로 164 (노량진동) 
장승배기점,서울 동작구 상도로 152 (상도동) 
보라매역점,서울 동작구 여의대방로 180 (대방동) 
숭실대점,서울 동작구 상도로 357 (상도동) 
대림사거리점,서울 동작구 대림로 56 (신대방동) 
대방현대점,"서울 동작구 등용로 127 (대방동, 대방동현대아파트) "
흑석명수대점,"서울 동작구 현충로 119 (흑석동, 명수대현대아파트) "
총신대점,서울 동작구 동작대로27길 28 (사당동) 
봉천중앙시장점,서울 관악구 관악로 211 (봉천동) 
서울대입구역점,서울 관악구 쑥고개로 139 (봉천동) 
봉천점,서울 관악구 청룡2길 47 (봉천동) 
신림역점,서울 관악구 남부순환로 1594-1 (신림동) 
낙성대역점,서울 관악구 남부순환로 1949 (봉천동) 
신림6동점,서울 관악구 신림로 141 (신림동) 
신림9동점,서울 관악구 대학6길 2 (신림동) 
남현점,서울 관악구 남현1가길 4 (남현동) 
신대방역점,서울 관악구 난곡로 354 (신림동) 
난곡점,서울 관악구 난곡로 203 (신림동) 
관악드림타운점,서울 관악구 은천로25길 63 (봉천동) 
은천점,서울 관악구 은천로 38-1 (봉천동) 
난곡파로스점,"서울 관악구 난곡로 100 (신림동, 파로스프라자A동) "
양재점,서울 서초구 남부순환로356길 33 (양재동) 
방배역점,서울 서초구 방배로13길 19 (방배동) 
방배본동점,서울 서초구 동광로 56-4 (방배동) 
구반포역점,서울 서초구 신반포로 49 (반포동) 
논현점,서울 강남구 강남대로122길 41 (논현동) 
역삼1동점,서울 강남구 역삼로 145 (역삼동) 
대치점,서울 강남구 도곡로84길 6 (대치동) 
한티역점,서울 강남구 선릉로 313 (역삼동) 
일원점,서울 강남구 양재대로55길 15 (일원동) 
포이점,서울 강남구 논현로10길 30 (개포동) 
매봉역점,서울 강남구 남부순환로378길 12 (도곡동) 
개포1단지점,서울 강남구 선릉로6길 8 (개포동) 
석촌점,서울 송파구 송파대로 447 (석촌동) 
잠실본동점,서울 송파구 백제고분로 165 (잠실동) 
마천점,서울 송파구 성내천로 218 (마천동) 
문정점,서울 송파구 송이로 198-1 (문정동) 
풍납점,서울 송파구 토성로 65 (풍납동) 
거여점,서울 송파구 양산로 42 (거여동) 
송파1점,서울 송파구 가락로 158 (송파동) 
방이점,서울 송파구 마천로 61 (오금동) 
개롱점,"서울 송파구 오금로 407 (오금동, 상아아파트) "
가락시영점,서울 송파구 가락로 63 (석촌동) 
가락점,서울 송파구 송이로 93 (가락동) 
잠실점,"서울 송파구 올림픽로35가길 9 (신천동, 잠실 푸르지오 월드마크) "
잠실4단지점,서울 송파구 석촌호수로 134 (삼전동) 
장지역점,서울 송파구 새말로8길 29 (문정동) 
암사점,서울 강동구 올림픽로 787 (암사동) 
강일점,"서울 강동구 아리수로97길 19 (강일동, 강일리버파크4단지아파트) "
상일동역점,서울 강동구 고덕로79길 29 (고덕동) 
길동점,서울 강동구 양재대로116길 38 (길동) 
암사롯데캐슬점,서울 강동구 고덕로 105 (암사동) 
천호1동점,서울 강동구 구천면로 328 (천호동) 
천호점,서울 강동구 천호옛길 90 (성내동) 
둔촌점,서울 강동구 양재대로 1339 (성내동) 
명일점,서울 강동구 구천면로 424 (명일동) 
고덕점,"서울 강동구 동남로71길 38 (명일동, 동양타워) "
마포구청역점,서울 마포구 방울내로 87 (망원동) 
대흥역점,서울 마포구 백범로 86 (대흥동) 
망원점,서울 마포구 월드컵로13길 56 (망원동) 
합정역점,서울 마포구 독막로2길 6 (합정동) 
마포도화점,서울 마포구 삼개로 24 (도화동) 
성산점,서울 마포구 월드컵북로 224 (성산동) 
만리점,서울 마포구 만리재옛길 104 (공덕동) 
상수역점,서울 마포구 독막로 94 (상수동) 
상암점,서울 마포구 월드컵북로 324 (상암동) 
마포창전점,서울 마포구 서강로9길 48 (창전동) 
동교점,서울 마포구 동교로 205 (동교동) 
후암점,서울 용산구 후암로 3-1 (후암동) 
용문시장점,서울 용산구 효창원로 97 (용문동) 
보광점,서울 용산구 보광로 45 (보광동) 
경리단점,서울 용산구 회나무로13길 10 (이태원동) 
한남점,"서울 용산구 독서당로 22 (한남동, 동원베네스트) "
북가좌점,서울 서대문구 응암로 69 (북가좌동) 
명지대점,서울 서대문구 거북골로 14 (홍은동) 
서대문냉천점,서울 서대문구 통일로 157-6 (냉천동) 
홍제점,서울 서대문구 통일로 414 (홍제동) 
이대점,서울 서대문구 이화여대7길 15 (대현동) 
가재울점,"서울 서대문구 거북골로 120 (남가좌동, DMC센트레빌) "
연희점,서울 서대문구 연희로 82 (연희동) 
문화촌점,서울 서대문구 세검정로 57 (홍제동) 
녹번점,서울 은평구 은평로 197-1 (녹번동) 
갈현점,서울 은평구 갈현로 262 (갈현동) 
역촌점,서울 은평구 갈현로 82 (역촌동) 
은평뉴타운2지구점,"서울 은평구 진관2로 90 (진관동, 은평뉴타운 마고정) "
구산역점,서울 은평구 서오릉로 130 (대조동) 
불광2동점(연신내점),서울 은평구 연서로 283-1 (불광동) 
은평신사점,서울 은평구 은평터널로 193-1 (신사동) 
은평뉴타운점,"서울 은평구 진관4로 47 (진관동, 은평뉴타운상림마을) "
독바위역점,서울 은평구 불광로 105 (불광동) 
불광역점,서울 은평구 통일로71길 32 (대조동) 
응암점,서울 은평구 진흥로 29 (역촌동) 
서울성대점,서울 종로구 성균관로 14 (명륜2가) 
경복궁역점,서울 종로구 자하문로 19 (체부동) 
동묘앞역점,서울 종로구 지봉로 50 (숭인동) 
종로점,서울 종로구 삼봉로 81 (수송동) 
약수점,서울 중구 다산로 136 (신당동) 
상왕십리점,서울 성동구 왕십리로 357 (하왕십리동) 
용답점,서울 성동구 용답중앙15길 15 (용답동) 
뚝섬역점,서울 성동구 상원길 52 (성수동1가) 
행당점,서울 성동구 행당로 75 (행당동) 
성수점,서울 성동구 성덕정길 78 (성수동2가) 
성수쇼핑센타점,서울 성동구 아차산로7길 22 (성수동2가) 
마장역점,서울 성동구 마장로 299 (마장동) 
한양대역점,서울 성동구 왕십리로 217-1 (행당동) 
신금호역점,서울 성동구 금호로 145 (금호동2가) 
서울 금호점(금남시장),서울 성동구 장터길 43 (금호동3가) 
자양점,서울 광진구 뚝섬로 630 (자양동) 
군자역점,서울 광진구 천호대로111길 24 (중곡동) 
아차산역점,서울 광진구 자양로 294 (구의동) 
광진구청점,서울 광진구 자양로 120 (구의동) 
세종대점,서울 광진구 군자로 82 (군자동) 
광장점,서울 광진구 아차산로 499 (광장동) 
건대점,서울 광진구 능동로13길 44 (화양동) 
중곡제일시장점,서울 광진구 능동로51길 44 (중곡동) 
노룬산점,서울 광진구 뚝섬로 480 (자양동) 
장안홈타운점,"서울 동대문구 장안벚꽃로 107 (장안동, 장안현대홈타운) "
답십리점,서울 동대문구 전농로 104 (답십리동) 
시립대점,서울 동대문구 전농로 209 (전농동) 
안암점,서울 동대문구 안암로 68 (용두동) 
용두점,서울 동대문구 고산자로29길 6 (용두동) 
장한평역점,서울 동대문구 장한로6길 4 (장안동) 
휘경점,서울 동대문구 사가정로 222 (장안동) 
경희대점,서울 동대문구 회기로 170 (회기동) 
청량리점,서울 동대문구 홍릉로 36 (청량리동) 
외대앞역점,서울 동대문구 휘경로 14 (이문동) 
한성대역점,서울 성북구 삼선교로 36-1 (삼선동2가) 
성신여대점,서울 성북구 보문로34길 77 (동선동1가) 
길음역점,"서울 성북구 동소문로 248 (길음동, 삼부아파트) "
장위고개점,서울 성북구 장위로 51 (장위동) 
돈암점,"서울 성북구 아리랑로 68 (돈암동, 돈암 힐스테이트아파트) "
월곡점,"서울 성북구 오패산로 46 (하월곡동, 월곡두산위브아파트) "
정릉점,서울 성북구 보국문로16길 31 (정릉동) 
장위점,서울 성북구 돌곶이로 154 (장위동) 
보문역점,서울 성북구 지봉로 180 (보문동2가) 
석관점,서울 성북구 돌곶이로 60 (석관동) 
성북점,서울 성북구 성북로 24-1 (성북동) 
종암점,서울 성북구 종암로9길 3 (종암동) 
망우우림시장점,서울 중랑구 봉우재로 239 (망우동) 
봉화산역점,서울 중랑구 신내로 211 (신내동) 
묵동점,서울 중랑구 공릉로2길 26 (묵동) 
신내점,서울 중랑구 봉화산로 218 (신내동) 
중화역점,서울 중랑구 동일로 806 (중화동) 
사가정점,서울 중랑구 면목로 338 (면목동) 
상봉점,서울 중랑구 망우로32길 20 (상봉동) 
망우1동점,서울 중랑구 망우로 463 (망우동) 
용마산역점,서울 중랑구 면목로 252 (면목동) 
면목점,서울 중랑구 겸재로 178 (면목동) 
수유광산점,서울 강북구 노해로 87 (수유동) 
미아역점,서울 강북구 솔매로 121 (미아동) 
강북경찰서점,서울 강북구 오패산로 405 (번동) 
수유화계사점,서울 강북구 덕릉로 14 (수유동) 
삼양점,서울 강북구 솔샘로 219 (미아동) 
인수점,서울 강북구 인수봉로 276 (수유동) 
미아삼거리역점,서울 강북구 도봉로13길 38 (미아동) 
방학점,"서울 도봉구 도봉로150길 43 (방학동, ESA 아파트) "
방학신동아점,서울 도봉구 방학로 183 (방학동) 
쌍문역점,서울 도봉구 도봉로109길 12 (쌍문동) 
창5동점,서울 도봉구 해등로16길 66 (창동) 
도봉점,서울 도봉구 도봉로 883 (도봉동) 
덕성여대점,서울 도봉구 우이천로 478 (쌍문동) 
신창시장점,서울 도봉구 덕릉로 242 (창동) 
중계본동점,"서울 노원구 한글비석로8길 20 (중계동, 대림벽산아파트) "
중계점,서울 노원구 동일로207길 23 (중계동) 
노원점,"서울 노원구 동일로 1390 (상계동, 상계주공6단지아파트) "
마들역점,서울 노원구 동일로 1538 (상계동) 12단지 종합상가 113호
상계삿갓점,"서울 노원구 덕릉로 699 (중계동, 우암에이스타워) "
공릉점,서울 노원구 동일로192길 87 (공릉동) 
수락산역점,서울 노원구 동일로 1649 (상계동) 
월계점,"서울 노원구 월계로55길 16 (월계동, 월계사슴2단지아파트) "
석계점,서울 노원구 석계로3길 21 (월계동) 
상계보람점,서울 노원구 한글비석로 466 (상계동) 
당고개점,서울 노원구 덕릉로123길 19 (상계동) 
화랑대역점,서울 노원구 노원로1길 67 (공릉동) 
가평점,경기 가평군 가평읍 가화로 122 
청평점,경기 가평군 청평면 잠곡로 1 
화정점,경기 고양시 덕양구 백양로 51 (화정동) 
일산탄현점,경기 고양시 일산서구 일현로 56 (탄현동) 
일산백석점,경기 고양시 일산동구 일산로 30 (백석동) 
행신점,경기 고양시 덕양구 중앙로 554 (행신동) 
일산주엽점,경기 고양시 일산서구 주엽로 134 (주엽동) 
후곡점,경기 고양시 일산서구 일산로 542 (일산동) 
일산중산점,경기 고양시 일산동구 중산로 254 (중산동) 
고양삼송점,경기 고양시 덕양구 삼송로 94-12 (삼송동) 하나타워 1층 104호
대화역점,경기 고양시 일산서구 강성로 268 (대화동) 110호
고양도래울점,경기 고양시 덕양구 도래울2로 3 (도내동) 
일산식사점,"경기 고양시 일산동구 위시티4로 45 (식사동, 위시티일산자이4단지아파트) "
고양신원마을점,경기 고양시 덕양구 권율대로 889 (신원동) 파스텔시티 2차 107호
행신서정점,경기 고양시 덕양구 서정마을1로 4-9 (행신동) 
일산호수마을점,경기 고양시 일산동구 노루목로 107 (장항동) 
일산가좌점,경기 고양시 일산서구 가좌4로 2 (가좌동) 
고양동점,경기 고양시 덕양구 혜음로 32 (고양동) 
원당점,경기 고양시 덕양구 호국로790번길 52 (성사동) 
관산점,경기 고양시 덕양구 통일로768번길 9 (관산동) 
일산백마점,경기 고양시 일산동구 일산로 213 (마두동) 
일산동점,경기 고양시 일산서구 원일로 126 (일산동) 원프라자 108호
능곡점,경기 고양시 덕양구 토당로 125 (토당동) 
고양향동점,경기 고양시 덕양구 꽃마을로 45 (향동동) 1층 106호
광명새마을시장점,경기 광명시 광명로 837 (광명동) 
광명소하점,경기 광명시 기아로 9 (소하동) 
소하시흥대교점,경기 광명시 금하로 537 (소하동) 
광명시청점,경기 광명시 오리로 932 (광명동) 
광명금당사거리점,경기 광명시 금당로 36 (하안동) 
광주탄벌점,경기 광주시 벌원길 67 (탄벌동) 
광주양촌사거리점,경기 광주시 오포읍 양촌길 116-4 
광주1호점,경기 광주시 오포읍 마루들길 208 
광주경안점,경기 광주시 경안로 32 (경안동) 
광주태전점,경기 광주시 태봉로43번길 10 (태전동) 
광주퇴촌점,경기 광주시 퇴촌면 산수로 1280 신유빌딩 101호 피자스쿨
곤지암점,경기 광주시 곤지암읍 곤지암로 72 
광주송정점,경기 광주시 중앙로 323 (송정동) 
능평삼거리점,경기 광주시 오포읍 오포로 121 
구리주공점,경기 구리시 건원대로76번길 29 (인창동) 
구리인창점,경기 구리시 동구릉로85번길 25 (인창동) 
구리수택점,경기 구리시 체육관로80번길 19 (수택동) 
구리갈매점,경기 구리시 갈매중앙로 89-8 (갈매동) 
구리검배사거리점,경기 구리시 벌말로 186 (토평동) 
산본시장점,경기 군포시 금산로 109 (산본동) 
군포당동점,경기 군포시 고산로 251 (당동) 
산본궁내점,"경기 군포시 고산로 529 (산본동, 금강2단지주상복합아파트) "
군포흥진점,경기 군포시 광정로 25-58 (금정동) 
군포경찰서점,경기 군포시 번영로550번길 3 (금정동) 화성상가 102호
군포송정점,경기 군포시 송부로 92 (도마교동) 송정메디컬타워 1층 105호
군포첨단점,경기 군포시 번영로 40 (부곡동) 1층 104호 피자스쿨
군포대야미점,경기 군포시 대야1로22번길 4 (대야미동) 
한세대점,경기 군포시 고산로151번길 17 (당정동) 
김포풍무점,경기 김포시 풍무로 105 (풍무동) 
김포통진점,경기 김포시 통진읍 조강로 40 
김포고촌점,경기 김포시 고촌읍 장차로 1 
김포구래점,경기 김포시 김포한강4로 521 (구래동) 1층 112호
김포걸포점,경기 김포시 걸포2로 49 (걸포동) 105호
김포운양점,경기 김포시 김포한강1로 247 (운양동) 1층 108호
김포장기점,경기 김포시 김포한강1로51번길 28 (장기동) 
김포감정점,경기 김포시 중봉1로 9 (감정동) 
김포사우점,경기 김포시 사우중로 79 (북변동) 
김포향산점,경기 김포시 고촌읍 상미1로 7 (힐스테이트 리버시티 2단지) 나동 B117호
김포양곡점,경기 김포시 양촌읍 양곡로 495 새롬프라자101호
별내점,"경기 남양주시 별내중앙로 84 (별내동, 동익미라벨) 별내동익미라벨아파트 3904동 1층 20-2호"
남양주덕소점,경기 남양주시 와부읍 덕소로 72 (벽산메가트리움) 105호 피자스쿨 남양주덕소점
진접1호점,경기 남양주시 진접읍 해밀예당3로 52 
남양주호평점,경기 남양주시 늘을2로 26 (호평동) 
남양주마석점,경기 남양주시 화도읍 마석로 59 
남양주도농점,경기 남양주시 도농로17번길 1 (다산동) 
퇴계원점,경기 남양주시 퇴계원읍 퇴계원로 61 
장현점,경기 남양주시 진접읍 장현로 63 
남양주 광릉내점,경기 남양주시 진접읍 광릉내로 12 
사능점,경기 남양주시 진건읍 진건오남로 93 
남양주양지점,경기 남양주시 오남읍 진건오남로 793 
남양주평내점,경기 남양주시 평내로 88 (평내동) 
남양주금곡점,경기 남양주시 금곡로 38 (금곡동) 
오남점,경기 남양주시 오남읍 진건오남로 519 
남양주도곡점,경기 남양주시 와부읍 덕소로 194 
가운점,경기 남양주시 가운로2길 59 (다산동) 
남양주청학점,경기 남양주시 별내면 청학로68번길 5-18 
동두천중앙역점,경기 동두천시 중앙로 227 (생연동) 
동두천불현점,경기 동두천시 행선로 102 (생연동) 
부천역점,경기 부천시 부천로39번길 8 (심곡동) 
상동라일락점,경기 부천시 도약로 39 (상동) 
역곡점,경기 부천시 부일로 747 (역곡동) 
부천원미점,경기 부천시 원미로 123-2 (원미동) 
상동역점,경기 부천시 상동로 69 (상동) 
부천고강점,경기 부천시 역곡로 487 (고강동) 
부천도당점,경기 부천시 삼작로 278 (도당동) 
부천중동팰리스점,"경기 부천시 중동로 107 (중동, 팰리스카운티) "
부천중동포도점,경기 부천시 소향로 119 (중동) 
부천범박점,경기 부천시 은성로 115 (괴안동) 
부천중동미리내점,경기 부천시 조마루로285번길 60 (중동) 
송내로데오점,경기 부천시 송내대로73번길 46 (상동) 
부천중동남부역점,경기 부천시 경인로 72 (송내동) 
부천약대점,경기 부천시 중동로 383 (약대동) 
성남중앙점,경기 성남시 수정구 수정로 106 (수진동) 
성남산성점,경기 성남시 수정구 수정로 354 (산성동) 
판교산운마을점,경기 성남시 분당구 운중로 128 (운중동) 
분당정자1점,경기 성남시 분당구 성남대로 389 (정자동) 
성남신구대점,경기 성남시 중원구 광명로 319 (금광동) 
분당서현점,경기 성남시 분당구 중앙공원로39번길 7 (서현동) 
분당미금점,경기 성남시 분당구 성남대로 165 (금곡동) 
성남도촌점,경기 성남시 중원구 도촌남로 33 (도촌동) 
이매점,경기 성남시 분당구 양현로94번길 7 (이매동) 1층 110호
분당푸른점,경기 성남시 분당구 돌마로366번길 42 (수내동) 
판교백현마을점,경기 성남시 분당구 동판교로 58 (백현동) 나이스프라자 107호
분당정자점,경기 성남시 분당구 내정로 52 (정자동) 
성남상대원점,경기 성남시 중원구 희망로 339-1 (상대원동) 
분당아름점,경기 성남시 분당구 판교로 437 (야탑동) 
성남중원점,경기 성남시 중원구 제일로35번길 1 (성남동) 
분당수내점,"경기 성남시 분당구 내정로173번길 11 (수내동, 양지마을) "
성남복정점,경기 성남시 수정구 복정로 43 (복정동) 
성남은행점,경기 성남시 수정구 산성대로 521 (양지동) 
성남태평점,경기 성남시 수정구 시민로 227 (태평동) 
북수원점,경기 수원시 장안구 송원로 81 (조원동) 
수원정자점,경기 수원시 장안구 대평로 86 (정자동) 
수원연무점,경기 수원시 장안구 창훈로 3-2 (연무동) 
성대점,경기 수원시 장안구 서부로2123번길 32 (율전동) 
수원망포점,경기 수원시 영통구 영통로153번길 6 (망포동) 
매탄점,경기 수원시 영통구 인계로 220 (매탄동) 
광교힐스테이트점,"경기 수원시 영통구 도청로 65 (이의동, 자연앤 힐스테이트) 상가 125호"
수원오목천점,경기 수원시 권선구 삼천병마로1598번길 32 (오목천동) 104호
수원영통점,경기 수원시 영통구 덕영대로1555번길 16 (영통동) 
수원역점,경기 수원시 팔달구 덕영대로943번길 20 (매산로1가) 
수원권선시장점,"경기 수원시 권선구 권광로 55 (권선동, 권선자이 이편한세상) 상가A동 111호"
수원화서점,경기 수원시 팔달구 덕영대로 695 (화서동) 
수원탑동점,경기 수원시 권선구 탑동로57번길 2 (탑동) 
수원곡반정점,경기 수원시 권선구 곡선로50번길 45-4 (곡반정동) 
수원권선점,경기 수원시 권선구 동수원로 218-39 (권선동) 
영통중심상가점,경기 수원시 영통구 청명남로 39 (영통동) 
세류점,경기 수원시 권선구 세지로 93 (세류동) 
수원호매실점,경기 수원시 권선구 금호로 28 (호매실동) 
수원천천점,경기 수원시 장안구 덕영대로535번길 34 (천천동) 
수원동신점,경기 수원시 장안구 만석로159번길 39 (정자동) 
아주대점,경기 수원시 영통구 아주로 34 (원천동) 
수원영화점,경기 수원시 장안구 수성로262번길 3 (영화동) 
수원고등점,경기 수원시 팔달구 팔달로107번길 4 (화서동) 
수원율현점,경기 수원시 팔달구 일월로22번길 22-5 (화서동) 
수원우만점,"경기 수원시 팔달구 권광로 373 (우만동, 월드메르디앙 아파트) "
수원남부경찰서점,경기 수원시 영통구 매봉로35번길 1 (매탄동) 
수원금곡점,경기 수원시 권선구 금곡로102번길 38 (금곡동) 104호
광교웰빙타운점,경기 수원시 영통구 대학로 103 (이의동) 
수원황골점,"경기 수원시 영통구 봉영로1744번길 11 (영통동, 벽산.풍림아파트) "
수원남문점,경기 수원시 팔달구 팔달문로 1 (팔달로2가) 
시흥정왕점,경기 시흥시 함송로 23 (정왕동) 
시흥옥구점,"경기 시흥시 옥구상가2길 4 (정왕동, 로얄타운) "
정왕본동점,경기 시흥시 정왕천로411번길 36 (정왕동) 
시흥대야점,경기 시흥시 비둘기공원7길 39 (대야동) 
월곶점,경기 시흥시 월곶중앙로 58 (월곶동) 
시흥장곡점,경기 시흥시 진말로9번길 2 (장곡동) 
시흥신천신일초점,경기 시흥시 시흥대로 1079 (신천동) 
시흥능곡점,경기 시흥시 승지로 54 (능곡동) 
시흥거모점,경기 시흥시 군자로 523 (거모동) 103호
정왕아주점,"경기 시흥시 정왕신길로139번길 4 (정왕동, 아주아파트) "
안산원곡점,경기 안산시 단원구 원초로 33 (원곡동) 
안산월피점,"경기 안산시 상록구 부루지길 6 (월피동, 라성빌라) "
안산본오점,경기 안산시 상록구 석호로 268 (본오동) 
안산한대앞역점,경기 안산시 상록구 광덕1로 386 (이동) 
고잔법원점,경기 안산시 단원구 광덕1로 159 (고잔동) 
안산부곡점,경기 안산시 상록구 부곡로 55 (부곡동) 
안산건건점,경기 안산시 상록구 건건로 65 (건건동) 
안산일동점,경기 안산시 상록구 안산대학로 98 (일동) 
안산선부점,"경기 안산시 단원구 선부로 166 (선부동, 공작한양아파트) "
안산한양대점,경기 안산시 상록구 한양대학로 38 (사동) 
안산사2동점,경기 안산시 상록구 감골2로 40 (사동) 
안성금산교차로점,경기 안성시 안성맞춤대로 1088 (연지동) 
안성공도점,경기 안성시 공도읍 공도로 91 
안성죽산점,경기 안성시 죽산면 남부길 75 
안양평촌점,경기 안양시 동안구 평촌대로 142 (평촌동) 
안양일번가점,경기 안양시 만안구 만안로223번길 13 (안양동) 
안양관양점,경기 안양시 동안구 관평로 324 (관양동) 
안양박달점,경기 안양시 만안구 박달로 471 (박달동) 
안양인덕원점,경기 안양시 동안구 흥안대로456번길 11 (평촌동) 
안양호계점,"경기 안양시 동안구 경수대로 472 (호계동, 영풍주상복합아파트) "
안양중앙시장점,경기 안양시 만안구 장내로 86 (안양동) 
안양평촌도서관점,경기 안양시 동안구 관평로 227 (관양동) 
안양비산점,경기 안양시 동안구 비산로 57 (비산동) 안양임곡휴먼시아 가상가동 106호
안양성결대점,경기 안양시 만안구 성결대학로 28 (안양동) 신라빌딩 1층 104호
호계도서관점,경기 안양시 동안구 귀인로 107 (호계동) 
석수전화국점,경기 안양시 만안구 안양로 465 (석수동) 
안양갈산점,경기 안양시 동안구 갈산로 35 (호계동) 
양주옥정점,경기 양주시 옥정로 222 (옥정동) 
양주덕정점,경기 양주시 고암길 306-77 (덕정동) 
양주삼숭점,경기 양주시 삼숭로38번길 106 (삼숭동) 
양주백석점,경기 양주시 백석읍 양주산성로 550 
양주고읍점,경기 양주시 고읍남로 24 (광사동) 
양평군청점,경기 양평군 양평읍 양평시장길27번길 11 
양평서종점,경기 양평군 서종면 북한강로801번길 3 105호
양평용문점,경기 양평군 용문면 용문로 344 
여주점,경기 여주시 세종로 75 (홍문동) 
여주가남점,경기 여주시 가남읍 태평로 23-2 
연천전곡점,경기 연천군 전곡읍 전곡로 145-1 
오산금암마을점,경기 오산시 수청로 209 (금암동) 휴먼시아아파트 4단지 101호
오산대원점,경기 오산시 경기대로 153 (원동) 
오산궐동점,경기 오산시 궐리사로 77 (궐동) 
오산갈곶점,경기 오산시 오산로 79 (갈곶동) 
오산내삼미점,"경기 오산시 내삼미로 109 (내삼미동, 삼미마을) 16단지아파트"
오산운암운천초점,경기 오산시 운암로 121 (오산동) 
누읍점,경기 오산시 발안로 1364 (누읍동) 
오산운암뜰점,경기 오산시 대원로 65 (원동) 
풍덕천점,경기 용인시 수지구 풍덕천로 107 (풍덕천동) B01호
용인상현점,경기 용인시 수지구 만현로 102 (상현동) 
용인죽전점,경기 용인시 수지구 정든로6번길 1 (죽전동) 
구갈점,경기 용인시 기흥구 관곡로64번길 18 (구갈동) 
용인한보라점,경기 용인시 기흥구 한보라1로64번길 2 (보라동) 
동백역점,경기 용인시 기흥구 동백3로11번길 8 (중동) 
용인동백점,경기 용인시 기흥구 동백중앙로 358-5 (동백동) 
용인보라점,"경기 용인시 기흥구 사은로126번길 10 (보라동, 민속마을 쌍용아파트) "
광교상현역점,경기 용인시 수지구 광교중앙로 314 (상현동) 
김량장점,경기 용인시 처인구 중부대로 1360 (김량장동) 
용인청덕점,"경기 용인시 기흥구 구성3로 37 (청덕동, 휴먼시아물푸레마을2단지아파트) "
용인오리역벽산점,경기 용인시 수지구 용구대로2801번길 7 (죽전동) 동림상가108호
용인역북점,경기 용인시 처인구 명지로60번길 8-4 (역북동) 
용인양지점,경기 용인시 처인구 양지면 양지로 162 
용인마북점,경기 용인시 기흥구 마북로 135 (마북동) 
언남점,경기 용인시 기흥구 구성로 103 (언남동) 
용인흥덕점,경기 용인시 기흥구 흥덕2로 115 (영덕동) 
마평점,경기 용인시 처인구 고림로 20 (마평동) 
용인어정역점,경기 용인시 기흥구 어정로 139 (중동) 
용인영덕점,경기 용인시 기흥구 덕영대로2077번길 16 (영덕동) 
용인서천점,경기 용인시 기흥구 서천로127번길 3-3 (서천동) 
수지신봉점,경기 용인시 수지구 신봉2로 2 (신봉동) 
새터마을점,경기 용인시 수지구 현암로 121 (죽전동) 
용인천리점,경기 용인시 처인구 이동읍 백옥대로 603 
용인새천년점,경기 용인시 기흥구 새천년로26번길 4 (신갈동) 
용인상하점,경기 용인시 기흥구 중부대로788번길 2 (상하동) 
용인시청점,경기 용인시 처인구 중부대로 1154 (삼가동) 
용인둔전점,경기 용인시 처인구 포곡읍 포곡로 114 
용인모현점,경기 용인시 처인구 모현읍 백옥대로 2391 
용인금화점,경기 용인시 기흥구 금화로 107 (상갈동) 
용인전대리점,경기 용인시 처인구 포곡읍 전대로 66 
강남대점,경기 용인시 기흥구 강남로 8 (구갈동) 
용인백암점,경기 용인시 처인구 백암면 백암로 199 
의왕백운호수점,"경기 의왕시 백운중앙로 88 (학의동, 의왕백운해링턴플레이스 5단지) 상가 105호"
의왕포일점,경기 의왕시 포일세거리로 3 (포일동) 1층 106호
의왕오전점,경기 의왕시 원골로 8 (오전동) 
의왕고천점,"경기 의왕시 전주남이길 8 (오전동, 목화케이티이자리에) "
의왕부곡점,경기 의왕시 부곡중앙로 21 (삼동) 
의왕청계점,경기 의왕시 청계1로 29 (청계동) 
의왕내손점,경기 의왕시 내손중앙로 37-3 (내손동) 
의왕갈뫼점,경기 의왕시 갈미2로 40 (내손동) 
의정부호원점,경기 의정부시 호동로 67 (호원동) 
의정부망월사점,"경기 의정부시 평화로244번길 25 (호원동, 유원아파트) "
의정부녹양점,경기 의정부시 녹양로 64 (녹양동) 
의정부가능점,경기 의정부시 가능로 50 (가능동) 
의정부금오점,경기 의정부시 부용로 105 (금오동) 
의정부민락점,경기 의정부시 용현로 144 (민락동) 
의정부용현점,경기 의정부시 오목로18번길 10 (용현동) 
의정부장암점,경기 의정부시 동일로 458 (신곡동) 미림빌딩 103호
의정부신곡점,"경기 의정부시 추동로 45 (신곡동, 극동・동성아파트) "
의정부북부점,경기 의정부시 평화로 629 (의정부동) 103호
이천안흥점,경기 이천시 영창로 306 (갈산동) 
장호원점,경기 이천시 장호원읍 샘재로 147 
이천 마장점,경기 이천시 마장면 오천로 22-1 
이천송정점,경기 이천시 증신로291번길 92 (송정동) 
이천부발점,경기 이천시 부발읍 무촌로 130 
이천신하리점,경기 이천시 부발읍 경충대로 2243 
파주교하점,경기 파주시 청석로 272 (동패동) 
한울마을점,경기 파주시 동패로 98 (동패동) 
운정가람마을점,경기 파주시 미래로 620 (와동동) 
파주금촌점,경기 파주시 새꽃로 62 (금촌동) 
문산역점,경기 파주시 문산읍 문향로 25 
금촌역교차로점,경기 파주시 새꽃로 194 (금촌동) 
파주해솔마을점,경기 파주시 가온로 122 (목동동) 
봉일천점,경기 파주시 조리읍 봉천로 29 
문산당동점,경기 파주시 문산읍 방촌로 1719 
파주법원리점,경기 파주시 법원읍 술이홀로 874 
송탄지산점,경기 평택시 지산2로96번길 4 (지산동) 
평택소사벌점,경기 평택시 만세로 1845 (비전동) 106호
평택이충점,경기 평택시 이충로35번길 22 (이충동) 
평택서정점,경기 평택시 서정역로26번길 3 (서정동) 
평택용죽점,경기 평택시 용죽2로 38 (용이동) 1층103호
평택팽성점,경기 평택시 팽성읍 부용로 27 
평택비전점,"경기 평택시 평택3로 56 (비전동, 부원맨션) "
평택합정점,경기 평택시 평남로 635 (합정동) 
평택용이점,경기 평택시 현신2길 4 (용이동) 
평택원평점,경기 평택시 원평로39번길 23-3 (평택동) 
평택안중점,경기 평택시 안중읍 안현로서6길 52 아이맥스빌딩 103호
평택센트럴자이점,"경기 평택시 상서재로 80 (동삭동, 평택센트럴자이 5단지) 516동 120호"
고덕국제점,경기 평택시 고덕면 고덕국제3길 150 
평택세교점,"경기 평택시 세교3로 5 (세교동, 우성꿈그린아파트) "
포천점,경기 포천시 구절초로 19 (신읍동) 
송우리점,경기 포천시 소흘읍 솔모루로 88 
하남스타필드점,경기 하남시 하남유니온로 70-1 (신장동) 유나온시티에일린의뜰 상가 1층 104호
덕풍점,경기 하남시 신장로 169-1 (덕풍동) 
병점점,경기 화성시 효행로 1063 (진안동) 
봉담점,경기 화성시 봉담읍 동화길 91 
동탄반송점,경기 화성시 동탄솔빛로 65 (반송동) 
병점송화초점,경기 화성시 병점1로 66-2 (병점동) 
동탄시범단지점,"경기 화성시 동탄대로시범길 235 (청계동, 동탄역 시범 금강펜테리움 센트럴파크 III) "
향남1점,경기 화성시 향남읍 행정서로3길 4-56 1층 102호
화성반월초점,"경기 화성시 효행로 1337-23 (반월동, e편한세상 반월 나노시티역) "
동탄호수공원점,경기 화성시 동탄대로6길 9 (산척동) 117호
화성송산점,경기 화성시 화산중앙로 27 (송산동) 
동탄푸른점,경기 화성시 10용사로 349-3 (능동) 
수원대점,경기 화성시 봉담읍 와우안길 42 
화성남양점,경기 화성시 남양읍 남양시장로66번길 10-7 
동탄카림점,경기 화성시 동탄대로시범길 148-54 (청계동) 1층 A112호
동탄영천점,경기 화성시 동탄순환대로 708 (영천동) 1동 1층 105호
화성새솔점,경기 화성시 수노을중앙로 150 (새솔동) 
동탄북광장점,"경기 화성시 동탄반석로 207 (반송동, 동탄시범한빛마을 삼부르네상스) "
화성기안점,경기 화성시 봉담읍 효행로291번길 6-2 
화성조암점,경기 화성시 우정읍 조암남로 41 
화성발안점,경기 화성시 향남읍 3.1만세로 1110 
강화점,인천 강화군 강화읍 강화대로 432 
인천계산역점,인천 계양구 경명대로 1096 (계산동) 계산메디칼센타 1층 102호
인천장기점,인천 계양구 황어로 115 (장기동) 
인천임학역점,인천 계양구 장제로 881 (임학동) 
인천모래내시장점,인천 남동구 구월남로 283 (구월동) 
인천논현점,인천 남동구 논고개로136번길 5-7 (논현동) 
인천만수3지구점,인천 남동구 담방로 39 (만수동) 
간석2동점,인천 남동구 석산로184번길 1 (간석동) 
인천논현소래점,인천 남동구 포구로 75 (논현동) 
인천송현점,인천 동구 송현로 33 (송현동) 
인천학익점,인천 미추홀구 매소홀로 470 (학익동) 
용현5동점,인천 미추홀구 낙섬중로 13 (용현동) 
인천도화점,인천 미추홀구 석정로 303 (도화동) 
인천신기점,"인천 미추홀구 인하로 272 (주안동, 남부종합상가) "
인천삼산점,인천 부평구 충선로 309 (삼산동) 
부개점,인천 부평구 충선로 107 (부개동) 
부평역점,인천 부평구 광장로 34 (부평동) 
산곡경남점,"인천 부평구 안남로222번길 30 (산곡동, 경남아파트) "
인천가좌점,인천 서구 원적로 75 (가좌동) 
인천청라점,"인천 서구 청라라임로 85 (청라동, 청라린스트라우스) "
인천원당점,인천 서구 원당대로 843 (원당동) 
인천검암점,인천 서구 승학로 494 (검암동) 
마전점,인천 서구 완정로 31 (마전동) 
인천신현점,인천 서구 원창로 194 (신현동) 107호
인천송도점,"인천 연수구 신송로82번길 6 (송도동, 송도풍림아이원4단지아파트) "
인천동춘점,인천 연수구 앵고개로 266 (동춘동) 한양상가 B동 104호
연수점,인천 연수구 용담로 148 (연수동) 
인천옥련점,"인천 연수구 독배로40번길 48 (옥련동, 우성1차아파트) "
영종하늘도시점,인천 중구 하늘달빛로 84 (중산동) 
강릉교동점,강원 강릉시 교동광장로 145 (교동) 
강릉주문진점,강원 강릉시 주문진읍 주문로 7 
강릉입암점,강원 강릉시 입암로 157 (입암동) 
포남점,강원 강릉시 하평2길 6 (포남동) 
간성점,강원 고성군 간성읍 간성로 23 
속초조양점,"강원 속초시 청대로 210 (조양동, 조양동 효성해링턴 플레이스) 109-2호"
속초교동점,강원 속초시 미시령로 3383 (교동) 
양구점,강원 양구군 양구읍 사명길 118-17 
양양점,강원 양양군 양양읍 양양로 96 
영월점,강원 영월군 영월읍 중앙로 22 
원주단구점,강원 원주시 단구로 404 (단구동) 단관 청솔3차아파트 상가동1
원주우산점,강원 원주시 우산로 68 (우산동) 
원주무실점,강원 원주시 시청로 84 (무실동) 
단계점,"강원 원주시 백간길 81 (단계동, 장미아파트) "
원주봉산점,"강원 원주시 행구로 68 (봉산동, 삼익아파트 유치원) "
원주흥업점,강원 원주시 흥업면 남원로 70 
원주명륜점,강원 원주시 예술관길 7 (명륜동) 
원주중앙점,"강원 원주시 천사로 189 (일산동, 두진하트리움시티) 1층 105호"
원주기업도시점,강원 원주시 지정면 신지정로 322 117호
원주일산점,강원 원주시 무실로 148 (일산동) 
문막동화점,강원 원주시 문막읍 왕건로 75 
원주혁신도시점,강원 원주시 입춘로 110 (반곡동) 114호
인제점,강원 인제군 인제읍 인제로 207-1 
강원원통점,강원 인제군 북면 원통로 181 
와수리점,강원 철원군 서면 와수로181번길 25-16 
춘천후평점,강원 춘천시 후석로 299 (후평동) 
춘천석사애막골점,강원 춘천시 후석로186번길 16 (석사동) 
춘천퇴계금호타운점,강원 춘천시 안마산로 213 (퇴계동) 
춘천한림대점,강원 춘천시 삭주로 71 (교동) 
춘천장학점,강원 춘천시 동면 춘천로449번길 30-1 
남춘천점,"강원 춘천시 춘주로 150 (퇴계동, 현진아파트) "
평창진부점,강원 평창군 진부면 진부시장뒷길 48-2 
홍천점,강원 홍천군 홍천읍 홍천로5길 15 
화천점,강원 화천군 화천읍 중앙로 28 
화천사창리점,강원 화천군 사내면 사내로 46-1 
횡성점,강원 횡성군 횡성읍 삼일로 3-1 
대구두류점,대구 달서구 달구벌대로344길 9-9 (두류동) 1층
완주삼례점,전북 완주군 삼례읍 삼례역로 8-2 1층
양산물금점,경남 양산시 물금읍 물금로 75 (이지더원 그랜드파크) 1층
전주안골점,전북 전주시 덕진구 심방죽2길 31 (인후동1가) 
대구달성구지점,대구광역시 달성군 구지면 창리 1434 대구국가산단 디에트르더센트럴  122동 103호
전주에코시티점,"전북 전주시 덕진구 세병로 74 (송천동2가, 에코시티 휴먼빌아파트(2블럭)) 1층"
전주효천점,전북 전주시 완산구 효천중앙로 57 (효자동2가) 103호
대전신탄진점,대전 대덕구 대덕대로 1582 
